tpep_pickup_datetime,tpep_dropoff_datetime,PULocationID,DOLocationID,trip_distance,fare_amount
2022-03-01 02:07:04,2022-03-01 02:17:06,159,159,1.2,7.5
2022-03-01 02:24:39,2022-03-01 02:34:21,159,212,2.3,9.5
2022-03-01 05:52:39,2022-03-01 06:08:33,167,78,1.7,18.2
2022-03-01 05:51:58,2022-03-01 06:05:39,174,254,0.7,16.2
2022-03-01 05:20:31,2022-03-01 05:43:37,69,254,6.2,28.2
2022-03-01 05:59:29,2022-03-01 06:39:28,51,69,8.0,38.2
2022-03-01 06:30:29,2022-03-01 06:57:49,119,213,4.8,26.2
2022-03-01 06:14:54,2022-03-01 06:20:55,78,78,0.3,15.2
2022-03-01 06:32:07,2022-03-01 07:41:53,51,94,4.8,26.2
2022-03-01 07:26:50,2022-03-01 07:51:35,119,254,7.6,30.2
2022-03-01 07:19:57,2022-03-01 07:36:52,18,136,1.5,17.2
2022-03-01 07:31:45,2022-03-01 07:40:21,159,159,0.6,16.2
2022-03-01 07:55:30,2022-03-01 08:20:01,78,242,3.2,21.2
2022-03-01 08:59:21,2022-03-01 09:09:37,259,235,4.05,13.5
2022-03-01 08:27:32,2022-03-01 08:44:01,18,185,3.0,20.2
2022-03-01 08:19:24,2022-03-01 08:36:15,182,185,1.0,15.2
2022-03-01 08:53:22,2022-03-01 09:27:57,136,242,3.5,21.2
2022-03-01 08:01:23,2022-03-01 08:05:19,208,208,0.49,4.5
2022-03-01 08:21:37,2022-03-01 08:58:16,247,242,8.5,39.2
2022-03-01 09:34:42,2022-03-01 10:20:05,69,174,6.3,31.2
2022-03-01 09:22:53,2022-03-01 09:40:47,213,242,1.6,19.2
2022-03-01 09:18:01,2022-03-01 09:48:14,208,242,0.6,16.2
2022-03-01 10:34:01,2022-03-01 10:55:21,242,119,4.8,29.2
2022-03-01 10:41:26,2022-03-01 10:58:29,242,213,2.2,22.2
2022-03-01 10:10:23,2022-03-01 10:53:52,51,254,2.5,19.2
2022-03-01 10:30:33,2022-03-01 11:06:38,242,159,6.2,28.2
2022-03-01 10:02:58,2022-03-01 10:43:29,32,242,3.5,21.2
2022-03-01 10:33:31,2022-03-01 10:47:44,32,242,3.1,22.2
2022-03-01 10:49:21,2022-03-01 11:12:15,242,213,3.7,22.2
2022-03-01 10:12:44,2022-03-01 10:40:29,136,182,3.3,23.2
2022-03-01 10:51:41,2022-03-01 11:00:04,242,60,1.5,18.2
2022-03-01 10:02:15,2022-03-01 10:18:16,242,18,3.1,22.2
2022-03-01 11:31:28,2022-03-01 11:58:31,182,174,4.3,23.2
2022-03-01 11:15:01,2022-03-01 11:29:08,242,248,3.9,20.2
2022-03-01 11:14:40,2022-03-01 11:57:01,242,78,3.2,21.2
2022-03-01 11:12:05,2022-03-01 11:26:54,235,183,6.5,24.2
2022-03-01 11:30:53,2022-03-01 11:36:47,183,51,1.4,15.2
2022-03-01 12:10:23,2022-03-01 12:22:23,242,182,1.2,20.2
2022-03-01 13:35:06,2022-03-01 13:53:14,185,208,3.8,18.2
2022-03-01 13:34:20,2022-03-01 13:50:19,183,185,1.3,15.2
2022-03-01 13:23:25,2022-03-01 13:28:41,18,241,0.76,5.0
2022-03-01 13:04:20,2022-03-01 13:15:48,242,185,2.1,20.2
2022-03-01 13:33:28,2022-03-01 13:46:03,242,51,2.8,20.2
2022-03-01 13:31:14,2022-03-01 13:52:30,182,242,1.6,18.2
2022-03-01 14:24:03,2022-03-01 14:27:28,167,159,0.56,4.5
2022-03-01 14:57:19,2022-03-01 15:10:56,185,183,1.6,15.2
2022-03-01 14:13:16,2022-03-01 15:04:27,159,51,8.4,35.2
2022-03-01 15:20:33,2022-03-01 15:41:41,208,182,2.4,17.2
2022-03-01 16:43:23,2022-03-01 17:08:39,147,212,2.4,20.2
2022-03-01 16:17:29,2022-03-01 16:44:31,254,119,5.1,32.2
2022-03-01 16:45:12,2022-03-01 17:32:45,20,51,5.0,25.2
2022-03-01 17:39:03,2022-03-01 17:44:09,119,119,0.77,5.0
2022-03-01 18:10:10,2022-03-01 18:21:04,69,168,1.74,8.5
2022-03-01 19:06:44,2022-03-01 19:17:55,169,69,1.7,9.5
2022-03-01 20:09:24,2022-03-01 20:14:14,69,119,0.9,5.5
2022-03-01 23:45:42,2022-03-01 23:59:12,32,168,7.6,22.5
2022-03-02 01:53:05,2022-03-02 01:59:15,69,69,1.11,6.5
2022-03-02 05:53:20,2022-03-02 06:51:11,81,69,5.7,31.2
2022-03-02 06:55:08,2022-03-02 07:10:59,147,208,4.4,24.2
2022-03-02 06:12:20,2022-03-02 06:58:55,51,69,7.2,38.2
2022-03-02 07:50:01,2022-03-02 08:26:44,200,147,11.8,36.0
2022-03-02 07:46:01,2022-03-02 07:57:48,159,147,1.1,7.0
2022-03-02 07:23:27,2022-03-02 07:55:45,119,254,7.6,30.2
2022-03-02 08:26:43,2022-03-02 08:44:53,213,168,4.83,16.5
2022-03-02 08:38:30,2022-03-02 09:09:46,220,259,3.2,22.2
2022-03-02 08:40:34,2022-03-02 09:14:37,47,185,4.8,24.2
2022-03-02 08:01:41,2022-03-02 08:09:11,167,159,1.01,6.5
2022-03-02 09:27:36,2022-03-02 09:31:31,147,167,0.5,4.5
2022-03-02 09:02:01,2022-03-02 09:20:34,168,213,4.99,18.0
2022-03-02 08:53:34,2022-03-02 09:00:06,168,168,1.04,6.5
2022-03-02 09:36:31,2022-03-02 10:50:03,241,241,21.6,73.0
2022-03-02 09:28:57,2022-03-02 09:38:14,208,242,1.5,8.0
2022-03-02 10:53:49,2022-03-02 11:29:24,69,247,1.2,15.2
2022-03-02 10:04:27,2022-03-02 10:14:56,174,20,2.3,15.2
2022-03-02 10:32:07,2022-03-02 10:54:41,126,174,4.9,20.2
2022-03-02 10:48:37,2022-03-02 10:53:14,60,60,0.5,4.5
2022-03-02 11:23:47,2022-03-02 11:36:21,254,220,3.1,17.2
2022-03-02 11:17:00,2022-03-02 11:26:19,241,174,1.0,7.5
2022-03-02 11:44:34,2022-03-02 12:13:41,174,241,0.9,17.5
2022-03-02 11:37:59,2022-03-02 11:41:26,159,247,0.63,4.5
2022-03-02 11:03:30,2022-03-02 11:21:46,213,168,3.9,18.2
2022-03-02 11:31:08,2022-03-02 11:53:30,168,213,5.4,20.2
2022-03-02 12:04:29,2022-03-02 12:17:05,212,126,2.5,19.2
2022-03-02 12:34:49,2022-03-02 12:48:52,182,208,2.6,17.2
2022-03-02 12:00:52,2022-03-02 12:28:22,254,168,7.9,31.2
2022-03-02 12:06:51,2022-03-02 12:31:37,174,247,5.3,22.2
2022-03-02 12:15:41,2022-03-02 12:54:24,248,136,4.2,23.2
2022-03-02 13:02:25,2022-03-02 13:23:55,147,241,6.31,21.5
2022-03-02 13:15:51,2022-03-02 13:24:41,242,208,1.36,7.0
2022-03-02 13:06:51,2022-03-02 13:27:32,182,159,3.7,23.2
2022-03-02 14:57:11,2022-03-02 15:13:11,126,51,6.61,20.5
2022-03-02 14:44:32,2022-03-02 15:06:01,183,78,4.7,20.2
2022-03-02 15:46:20,2022-03-02 16:30:36,126,200,8.0,34.2
2022-03-02 15:59:18,2022-03-02 16:14:14,213,51,5.0,22.2
2022-03-02 15:53:01,2022-03-02 15:53:03,126,126,0.21,60.0
2022-03-02 16:48:29,2022-03-02 17:31:28,20,51,3.3,25.2
2022-03-02 17:19:53,2022-03-02 17:29:23,159,168,1.02,7.5
2022-03-02 17:00:11,2022-03-02 17:21:33,208,182,2.7,17.2
2022-03-02 17:43:38,2022-03-02 17:56:35,248,208,3.3,21.2
2022-03-02 17:59:07,2022-03-02 18:32:26,208,235,8.9,25.2
2022-03-02 17:59:09,2022-03-03 17:53:55,220,168,7.69,25.0
2022-03-02 18:36:37,2022-03-02 18:49:28,254,81,2.18,11.0
2022-03-02 18:06:28,2022-03-02 18:58:22,242,136,4.6,16.2
2022-03-02 19:15:57,2022-03-02 19:27:25,182,208,3.0,17.2
2022-03-02 19:50:04,2022-03-02 20:02:46,250,213,2.1,15.2
2022-03-02 19:49:41,2022-03-02 20:01:35,213,51,4.6,20.2
2022-03-03 06:30:48,2022-03-03 06:55:19,119,213,7.5,26.2
2022-03-03 06:28:27,2022-03-03 07:11:42,51,69,6.4,38.2
2022-03-03 07:09:24,2022-03-03 07:36:07,119,254,5.1,30.2
2022-03-03 08:28:06,2022-03-03 08:31:45,119,247,0.63,4.5
2022-03-03 08:20:01,2022-03-03 08:32:59,182,185,1.1,15.2
2022-03-03 08:30:42,2022-03-03 08:42:08,119,159,1.5,9.0
2022-03-03 08:22:14,2022-03-03 08:33:49,20,18,1.07,8.5
2022-03-03 08:28:02,2022-03-03 08:47:49,119,159,2.2,15.2
2022-03-03 08:50:12,2022-03-03 09:01:00,159,126,1.2,15.2
2022-03-03 09:06:31,2022-03-03 09:40:13,220,250,7.7,28.2
2022-03-03 09:48:46,2022-03-03 10:44:34,51,254,2.3,19.2
2022-03-03 09:08:08,2022-03-03 09:46:17,167,174,5.7,27.2
2022-03-03 09:24:34,2022-03-03 09:39:49,119,235,1.9,20.2
2022-03-03 09:31:20,2022-03-03 09:57:00,212,119,3.4,17.2
2022-03-03 10:08:07,2022-03-03 10:12:10,119,119,0.6,5.0
2022-03-03 10:41:42,2022-03-03 10:57:18,220,220,1.1,15.2
2022-03-03 10:32:47,2022-03-03 10:59:59,213,119,7.2,24.2
2022-03-03 10:47:40,2022-03-03 11:55:42,78,168,4.9,44.2
2022-03-03 10:40:57,2022-03-03 10:59:36,235,51,7.5,30.2
2022-03-03 10:28:33,2022-03-03 10:47:19,94,119,1.5,17.2
2022-03-03 11:44:45,2022-03-03 11:54:06,168,212,3.49,12.0
2022-03-03 11:02:14,2022-03-03 11:11:35,47,94,0.7,15.2
2022-03-03 11:00:10,2022-03-03 11:17:32,213,250,2.6,18.2
2022-03-03 11:41:48,2022-03-03 11:52:33,220,220,1.2,15.2
2022-03-03 12:35:52,2022-03-03 12:56:54,213,31,4.4,24.2
2022-03-03 12:28:25,2022-03-03 13:03:29,167,18,3.9,23.2
2022-03-03 12:34:23,2022-03-03 13:10:35,174,47,4.3,22.2
2022-03-03 13:43:18,2022-03-03 13:55:48,119,235,3.4,12.5
2022-03-03 13:15:32,2022-03-03 13:25:21,185,182,1.1,15.2
2022-03-03 13:48:34,2022-03-03 14:03:28,51,51,2.5,19.2
2022-03-03 13:27:27,2022-03-03 13:37:45,182,242,1.3,16.2
2022-03-03 13:53:46,2022-03-03 14:12:54,174,259,3.0,19.2
2022-03-03 15:30:41,2022-03-03 15:48:49,212,126,2.6,19.2
2022-03-03 16:02:27,2022-03-03 16:07:56,69,69,0.8,5.5
2022-03-03 16:00:34,2022-03-03 16:30:21,254,47,3.3,20.2
2022-03-03 16:04:15,2022-03-03 16:23:03,78,18,1.6,12.5
2022-03-03 16:01:27,2022-03-03 16:13:08,69,159,0.4,8.0
2022-03-03 16:18:13,2022-03-03 16:38:22,159,47,1.9,13.0
2022-03-03 16:08:38,2022-03-03 16:26:58,242,240,3.2,21.2
2022-03-03 16:21:28,2022-03-03 16:30:17,47,78,1.8,8.5
2022-03-03 17:19:04,2022-03-03 17:28:39,3,51,2.3,10.0
2022-03-03 18:45:35,2022-03-03 18:58:24,69,235,3.3,12.5
2022-03-03 19:35:02,2022-03-03 19:43:02,169,169,1.12,7.0
2022-03-03 19:31:45,2022-03-03 19:44:58,208,78,4.2,18.2
2022-03-03 20:33:34,2022-03-03 20:57:01,235,213,3.5,19.2
2022-03-03 20:15:42,2022-03-03 20:38:20,185,169,4.3,17.2
2022-03-03 21:05:36,2022-03-03 21:30:53,213,235,3.8,20.2
2022-03-03 23:18:55,2022-03-03 23:26:37,47,78,1.36,7.5
2022-03-04 00:36:54,2022-03-04 00:47:43,168,213,4.5,15.0
2022-03-04 00:36:48,2022-03-04 00:54:33,168,212,5.67,18.5
2022-03-04 00:31:53,2022-03-04 00:53:26,235,213,3.5,19.2
2022-03-04 00:58:07,2022-03-04 01:16:37,213,235,3.6,20.2
2022-03-04 00:38:20,2022-03-04 00:51:26,69,126,2.15,10.5
2022-03-04 03:01:45,2022-03-04 03:16:32,126,31,3.67,15.0
2022-03-04 06:48:04,2022-03-04 07:04:30,159,235,3.1,13.5
2022-03-04 07:23:19,2022-03-04 07:50:24,119,254,7.4,30.2
2022-03-04 07:46:44,2022-03-04 08:12:46,220,185,6.2,23.2
2022-03-04 07:28:12,2022-03-04 08:01:35,241,69,3.6,18.2
2022-03-04 08:48:13,2022-03-04 09:13:08,167,242,2.5,19.2
2022-03-04 08:06:03,2022-03-04 08:28:07,78,242,1.9,19.2
2022-03-04 08:27:48,2022-03-04 09:02:41,248,47,1.8,18.2
2022-03-04 09:34:00,2022-03-04 10:13:07,174,47,2.9,20.2
2022-03-04 09:32:51,2022-03-04 10:14:21,51,47,7.7,33.2
2022-03-04 09:41:52,2022-03-04 09:55:42,185,51,2.0,17.2
2022-03-04 10:41:21,2022-03-04 11:01:49,213,119,6.9,24.2
2022-03-04 10:18:07,2022-03-04 10:37:12,174,18,1.3,17.2
2022-03-04 10:21:02,2022-03-04 10:53:01,168,185,4.9,28.2
2022-03-04 10:45:30,2022-03-04 11:08:36,47,248,3.0,19.2
2022-03-04 11:14:14,2022-03-04 11:33:03,60,119,2.45,13.0
2022-03-04 11:28:57,2022-03-04 11:50:20,182,126,2.5,15.2
2022-03-04 12:20:50,2022-03-04 12:23:05,159,159,0.23,3.5
2022-03-04 13:45:36,2022-03-04 14:18:39,213,69,4.51,21.5
2022-03-04 13:14:35,2022-03-04 13:36:31,168,51,8.3,26.0
2022-03-04 13:29:35,2022-03-04 13:54:43,168,182,4.4,24.2
2022-03-04 13:21:04,2022-03-04 13:48:08,247,78,1.8,18.2
2022-03-04 14:27:56,2022-03-04 14:43:56,159,235,3.32,13.0
2022-03-04 14:44:33,2022-03-04 15:06:16,94,167,2.64,15.0
2022-03-04 14:04:37,2022-03-04 14:24:19,213,185,3.0,21.2
2022-03-04 15:08:38,2022-03-04 15:38:42,212,147,2.1,19.2
2022-03-04 15:13:30,2022-03-04 15:52:34,247,20,2.2,15.2
2022-03-04 16:02:42,2022-03-04 16:34:48,20,126,4.3,18.2
2022-03-04 16:50:22,2022-03-04 17:25:15,126,119,2.7,17.2
2022-03-04 17:10:06,2022-03-04 17:21:32,78,20,1.4,9.0
2022-03-04 17:28:58,2022-03-04 17:41:14,168,69,1.33,9.0
2022-03-04 17:50:37,2022-03-04 18:24:59,119,51,8.4,26.2
2022-03-04 18:08:20,2022-03-04 18:15:00,147,167,0.8,6.0
2022-03-04 18:44:42,2022-03-04 18:57:30,147,78,1.4,17.2
2022-03-04 18:02:32,2022-03-04 18:14:46,167,126,1.1,9.0
2022-03-04 19:47:57,2022-03-04 20:13:22,168,208,7.8,22.0
2022-03-04 19:24:32,2022-03-04 20:03:29,247,51,12.1,39.0
2022-03-04 19:51:20,2022-03-04 19:52:50,247,247,0.33,3.5
2022-03-04 19:27:17,2022-03-04 19:31:11,81,81,0.89,5.0
2022-03-04 20:44:39,2022-03-04 20:54:58,78,47,1.5,8.5
2022-03-04 21:21:29,2022-03-04 21:46:37,235,18,8.81,28.5
2022-03-04 22:35:41,2022-03-04 22:55:55,69,259,7.37,24.0
2022-03-04 22:05:39,2022-03-04 22:09:03,167,167,0.69,4.5
2022-03-04 23:48:50,2022-03-05 00:09:16,168,20,4.3,16.5
2022-03-05 01:10:12,2022-03-05 01:26:02,147,208,4.52,16.0
2022-03-05 01:15:57,2022-03-05 01:18:42,126,126,0.54,4.5
2022-03-05 07:23:26,2022-03-05 08:36:58,200,168,9.1,34.2
2022-03-05 07:43:03,2022-03-05 07:58:03,220,247,7.3,30.2
2022-03-05 07:54:37,2022-03-05 07:59:10,168,168,0.6,5.0
2022-03-05 08:19:41,2022-03-05 08:26:47,182,185,1.0,15.2
2022-03-05 08:33:11,2022-03-05 08:43:03,126,60,1.4,17.2
2022-03-05 08:49:35,2022-03-05 09:01:52,81,213,6.1,22.2
2022-03-05 10:37:35,2022-03-05 10:42:09,213,213,1.0,5.5
2022-03-05 10:30:56,2022-03-05 10:45:20,51,213,5.2,20.2
2022-03-05 10:12:45,2022-03-05 10:40:16,51,254,2.3,19.2
2022-03-05 11:04:32,2022-03-05 11:19:43,69,147,1.4,17.2
2022-03-05 11:49:41,2022-03-05 12:15:39,78,51,7.0,29.2
2022-03-05 11:08:23,2022-03-05 12:14:43,18,51,9.0,25.2
2022-03-05 11:20:27,2022-03-05 11:37:06,254,242,4.7,24.2
2022-03-05 12:41:31,2022-03-05 13:04:01,51,18,3.1,22.2
2022-03-05 12:29:23,2022-03-05 12:43:11,51,259,1.6,17.2
2022-03-05 12:05:26,2022-03-05 12:25:50,241,183,3.7,29.2
2022-03-05 13:23:55,2022-03-05 13:42:32,185,212,2.0,15.2
2022-03-05 13:49:53,2022-03-05 14:08:44,212,78,2.3,15.2
2022-03-05 14:01:29,2022-03-05 14:09:40,60,159,1.79,8.0
2022-03-05 14:37:58,2022-03-05 14:59:07,78,182,2.0,15.2
2022-03-05 14:20:36,2022-03-05 14:36:37,168,213,5.52,18.0
2022-03-05 14:25:50,2022-03-05 14:37:16,78,78,1.2,17.2
2022-03-05 14:19:58,2022-03-05 14:36:43,94,119,1.6,15.2
2022-03-05 14:42:42,2022-03-05 14:54:12,119,241,2.2,15.2
2022-03-05 15:48:48,2022-03-05 16:39:46,220,220,6.56,33.0
2022-03-05 15:57:26,2022-03-05 16:15:57,168,235,4.2,25.2
2022-03-05 15:05:50,2022-03-05 15:39:34,241,51,3.8,18.2
2022-03-05 16:15:38,2022-03-05 16:28:09,242,240,3.1,21.2
2022-03-05 16:45:42,2022-03-05 17:04:14,235,247,2.76,13.5
2022-03-05 16:14:06,2022-03-05 16:48:08,169,119,2.0,18.2
2022-03-05 17:28:36,2022-03-05 17:44:14,126,174,4.8,20.2
2022-03-05 18:08:50,2022-03-05 18:13:43,168,168,1.06,5.5
2022-03-05 19:29:46,2022-03-05 19:47:57,208,182,2.4,18.2
2022-03-05 20:53:02,2022-03-05 20:57:08,60,78,0.96,5.0
2022-03-05 20:30:17,2022-03-05 20:41:03,69,119,1.6,9.0
2022-03-05 21:34:59,2022-03-05 21:47:29,169,235,1.18,8.5
2022-03-05 21:52:55,2022-03-05 22:03:52,119,159,2.9,11.0
2022-03-05 21:14:06,2022-03-05 21:28:43,169,159,2.59,11.5
2022-03-06 00:41:56,2022-03-06 00:49:39,126,212,1.13,6.5
2022-03-06 01:30:56,2022-03-06 01:45:34,168,60,2.6,12.0
2022-03-06 01:48:33,2022-03-06 01:51:08,60,167,0.5,4.0
2022-03-06 02:34:57,2022-03-06 02:49:28,126,126,3.7,13.5
2022-03-06 02:11:24,2022-03-06 02:22:35,235,31,4.7,15.5
2022-03-06 03:38:45,2022-03-06 03:43:44,119,69,1.23,6.0
2022-03-06 04:39:20,2022-03-06 04:47:35,159,167,1.2,6.5
2022-03-06 06:57:11,2022-03-06 07:16:25,167,81,6.7,28.2
2022-03-06 07:26:14,2022-03-06 07:44:08,51,51,1.4,17.2
2022-03-06 07:00:08,2022-03-06 07:19:44,168,47,4.3,24.2
2022-03-06 07:48:32,2022-03-06 08:52:46,81,174,2.4,20.2
2022-03-06 08:41:47,2022-03-06 08:54:57,208,20,5.4,26.2
2022-03-06 08:47:26,2022-03-06 09:10:25,119,254,6.4,28.2
2022-03-06 08:29:39,2022-03-06 08:49:15,182,174,2.8,22.2
2022-03-06 08:23:41,2022-03-06 08:43:43,51,242,2.6,20.2
2022-03-06 08:49:23,2022-03-06 09:17:23,241,168,5.8,26.2
2022-03-06 08:55:20,2022-03-06 09:13:22,235,69,2.0,18.2
2022-03-06 08:55:36,2022-03-06 09:19:58,81,167,4.7,37.2
2022-03-06 08:50:56,2022-03-06 09:15:34,20,47,1.6,18.2
2022-03-06 09:04:33,2022-03-06 09:18:37,250,69,3.8,22.2
2022-03-06 09:05:52,2022-03-06 09:14:58,3,32,1.4,17.2
2022-03-06 09:40:57,2022-03-06 10:01:05,247,259,8.56,26.0
2022-03-06 09:02:41,2022-03-06 09:29:57,18,18,1.0,12.2
2022-03-06 09:43:25,2022-03-06 10:09:18,167,136,3.5,21.2
2022-03-06 09:06:00,2022-03-06 09:38:27,32,167,3.6,23.2
2022-03-06 09:27:45,2022-03-06 09:33:15,78,78,0.4,15.2
2022-03-06 09:51:16,2022-03-06 09:53:46,220,220,0.89,4.5
2022-03-06 09:56:57,2022-03-06 10:14:47,136,3,3.7,21.2
2022-03-06 09:24:25,2022-03-06 09:47:28,78,254,3.4,22.2
2022-03-06 09:04:43,2022-03-06 09:12:13,254,254,0.8,15.2
2022-03-06 09:21:24,2022-03-06 09:38:52,259,78,4.6,24.2
2022-03-06 09:55:27,2022-03-06 10:13:21,167,235,2.6,19.2
2022-03-06 10:41:37,2022-03-06 10:53:45,247,69,0.5,16.2
2022-03-06 10:39:05,2022-03-06 11:11:40,242,51,2.8,20.2
2022-03-06 10:00:49,2022-03-06 10:18:28,185,254,3.1,20.2
2022-03-06 11:31:08,2022-03-06 11:36:44,247,119,1.2,6.0
2022-03-06 11:26:24,2022-03-06 11:33:45,159,69,0.51,6.0
2022-03-06 11:41:35,2022-03-06 11:43:08,200,220,0.57,3.5
2022-03-06 11:13:51,2022-03-06 11:23:04,213,126,2.4,9.5
2022-03-06 11:16:32,2022-03-06 11:42:35,51,32,5.1,20.2
2022-03-06 11:27:50,2022-03-06 11:53:28,220,78,6.7,30.2
2022-03-06 11:16:53,2022-03-06 11:34:56,159,147,1.2,17.2
2022-03-06 12:20:34,2022-03-06 12:41:05,136,185,2.2,19.2
2022-03-06 12:57:45,2022-03-06 13:21:22,147,241,3.5,22.2
2022-03-06 12:57:01,2022-03-06 13:21:13,182,126,2.4,15.2
2022-03-06 12:08:13,2022-03-06 12:42:14,51,242,3.0,22.2
2022-03-06 12:05:49,2022-03-06 12:38:03,182,200,6.9,30.2
2022-03-06 13:47:47,2022-03-06 14:02:32,168,20,6.0,27.2
2022-03-06 13:56:29,2022-03-06 14:13:43,78,94,1.3,17.2
2022-03-06 13:30:33,2022-03-06 13:41:57,69,159,0.7,16.2
2022-03-06 13:56:01,2022-03-06 14:19:25,167,174,5.6,26.2
2022-03-06 13:01:04,2022-03-06 13:18:59,220,20,3.3,21.2
2022-03-06 13:34:09,2022-03-06 13:43:50,212,183,3.3,21.2
2022-03-06 13:54:54,2022-03-06 14:15:52,250,51,2.9,21.2
2022-03-06 13:08:58,2022-03-06 13:35:52,126,119,2.0,19.2
2022-03-06 13:50:11,2022-03-06 14:04:00,60,159,1.3,18.2
2022-03-06 13:28:26,2022-03-06 13:44:05,18,94,0.2,15.2
2022-03-06 13:54:11,2022-03-06 14:17:35,20,212,3.0,20.2
2022-03-06 14:13:54,2022-03-06 14:21:00,169,69,1.0,6.5
2022-03-06 14:13:15,2022-03-06 14:29:48,47,241,3.7,23.2
2022-03-06 14:34:00,2022-03-06 15:05:10,213,78,2.9,22.2
2022-03-06 14:25:33,2022-03-06 14:55:43,47,20,1.4,17.2
2022-03-06 14:45:16,2022-03-06 15:11:36,147,182,3.9,20.2
2022-03-06 14:31:25,2022-03-06 14:44:15,248,32,2.1,18.2
2022-03-06 14:51:48,2022-03-06 15:14:25,185,51,3.3,16.2
2022-03-06 14:27:49,2022-03-06 14:48:12,167,78,1.3,17.2
2022-03-06 15:02:55,2022-03-06 15:19:09,167,159,0.73,10.5
2022-03-06 15:20:24,2022-03-06 15:46:49,32,51,2.9,21.2
2022-03-06 15:55:45,2022-03-06 16:21:32,20,208,4.1,26.2
2022-03-06 15:05:58,2022-03-06 15:27:36,242,47,2.2,20.2
2022-03-06 15:27:59,2022-03-06 15:55:35,47,242,2.5,19.2
2022-03-06 15:00:26,2022-03-06 15:24:44,136,3,4.4,23.2
2022-03-06 15:47:07,2022-03-06 16:12:39,254,212,5.9,25.2
2022-03-06 15:15:54,2022-03-06 15:41:24,208,220,8.5,45.2
2022-03-06 15:15:58,2022-03-06 15:35:24,168,241,5.1,27.2
2022-03-06 15:59:02,2022-03-06 16:21:43,47,81,4.7,32.2
2022-03-06 15:06:58,2022-03-06 15:25:35,174,213,4.6,24.2
2022-03-06 15:50:50,2022-03-06 16:26:55,69,32,5.2,25.2
2022-03-06 15:30:13,2022-03-06 15:58:49,69,94,2.9,20.2
2022-03-06 16:40:33,2022-03-06 16:52:11,168,168,0.6,16.2
2022-03-06 16:40:55,2022-03-06 17:11:21,167,32,5.3,26.2
2022-03-06 16:33:00,2022-03-06 17:00:47,51,169,4.9,30.2
2022-03-06 16:40:28,2022-03-06 17:16:20,254,235,5.0,28.2
2022-03-06 17:23:55,2022-03-06 17:51:13,3,136,4.3,25.2
2022-03-06 17:25:53,2022-03-06 17:56:36,119,78,2.5,21.2
2022-03-06 17:08:02,2022-03-06 17:18:43,159,167,1.0,16.2
2022-03-06 17:38:38,2022-03-06 17:59:05,208,185,4.6,24.2
2022-03-06 18:19:43,2022-03-06 18:30:47,182,242,0.8,15.2
2022-03-06 19:34:32,2022-03-06 19:38:24,69,159,0.3,4.5
2022-03-06 19:19:53,2022-03-06 19:22:11,119,247,0.27,3.5
2022-03-06 20:37:40,2022-03-06 21:00:13,182,119,3.7,24.2
2022-03-06 20:48:31,2022-03-06 21:10:59,213,235,4.5,23.2
2022-03-07 02:24:00,2022-03-07 02:25:58,168,168,0.23,3.5
2022-03-07 07:35:50,2022-03-07 07:46:32,247,168,1.1,8.0
2022-03-07 07:32:45,2022-03-07 07:54:59,119,254,7.2,30.2
2022-03-07 07:38:27,2022-03-07 08:05:02,235,69,2.6,19.2
2022-03-07 07:49:01,2022-03-07 08:02:47,235,235,0.9,16.2
2022-03-07 07:53:18,2022-03-07 08:07:46,254,174,2.03,10.5
2022-03-07 07:40:55,2022-03-07 07:43:48,208,208,0.48,4.0
2022-03-07 07:40:52,2022-03-07 08:05:13,241,69,3.3,17.2
2022-03-07 08:02:18,2022-03-07 08:32:54,200,247,7.1,26.5
2022-03-07 08:59:08,2022-03-07 09:29:27,119,159,1.8,17.2
2022-03-07 09:42:46,2022-03-07 10:06:09,242,47,3.4,21.2
2022-03-07 09:18:18,2022-03-07 09:35:19,51,174,2.5,19.2
2022-03-07 09:50:43,2022-03-07 10:35:11,242,69,3.6,22.2
2022-03-07 09:41:49,2022-03-07 10:07:06,32,119,4.8,22.2
2022-03-07 10:25:39,2022-03-07 10:50:37,69,58,7.3,25.5
2022-03-07 10:34:02,2022-03-07 10:57:25,213,119,7.1,24.2
2022-03-07 10:41:30,2022-03-07 10:52:51,47,169,0.9,16.2
2022-03-07 10:13:37,2022-03-07 10:31:37,119,20,2.6,15.2
2022-03-07 11:17:18,2022-03-07 11:35:17,174,254,1.85,12.5
2022-03-07 11:02:05,2022-03-07 11:34:34,259,213,6.3,30.2
2022-03-07 11:22:16,2022-03-07 11:54:51,167,18,3.2,20.2
2022-03-07 11:03:26,2022-03-07 11:21:41,20,119,2.5,15.2
2022-03-07 12:23:04,2022-03-07 12:41:32,58,200,13.2,35.5
2022-03-07 12:43:10,2022-03-07 12:44:38,220,200,0.4,3.5
2022-03-07 12:08:23,2022-03-07 12:16:49,159,159,0.4,15.2
2022-03-07 12:34:36,2022-03-07 12:45:49,78,60,2.66,10.5
2022-03-07 13:58:39,2022-03-07 14:35:55,182,119,3.3,22.2
2022-03-07 13:25:37,2022-03-07 13:43:58,60,78,1.4,12.0
2022-03-07 13:17:35,2022-03-07 13:32:00,247,235,2.4,11.5
2022-03-07 14:12:53,2022-03-07 14:27:38,18,47,1.3,10.0
2022-03-07 14:56:41,2022-03-07 15:10:00,242,182,1.3,15.2
2022-03-07 14:10:24,2022-03-07 14:41:04,242,167,3.3,24.2
2022-03-07 14:04:26,2022-03-07 14:51:21,3,235,4.7,24.2
2022-03-07 15:30:05,2022-03-07 15:55:45,254,119,8.1,32.2
2022-03-07 15:46:32,2022-03-07 16:17:36,20,69,3.2,20.0
2022-03-07 16:38:34,2022-03-07 16:50:12,78,47,0.97,8.5
2022-03-07 16:24:50,2022-03-07 16:52:36,247,69,1.11,16.5
2022-03-07 16:43:34,2022-03-07 17:02:10,47,18,1.74,12.5
2022-03-07 17:16:58,2022-03-07 17:41:39,168,250,5.1,19.0
2022-03-07 17:21:30,2022-03-07 18:06:37,242,248,2.4,19.2
2022-03-07 17:28:20,2022-03-07 17:47:10,168,47,1.81,11.5
2022-03-07 17:01:50,2022-03-07 17:27:59,119,248,4.77,20.0
2022-03-07 17:05:38,2022-03-07 17:41:51,169,213,8.46,31.5
2022-03-07 18:51:03,2022-03-07 19:04:15,159,119,2.16,10.0
2022-03-07 18:10:34,2022-03-07 18:39:29,174,235,3.9,19.5
2022-03-07 18:32:33,2022-03-07 18:44:47,147,168,1.7,9.5
2022-03-07 18:34:09,2022-03-07 18:48:16,241,235,2.4,11.5
2022-03-07 18:06:11,2022-03-08 17:06:42,147,167,1.01,9.5
2022-03-07 18:28:14,2022-03-07 18:37:26,18,169,1.0,7.5
2022-03-07 20:21:18,2022-03-07 20:25:44,220,200,1.42,6.5
2022-03-07 21:31:35,2022-03-07 21:44:53,247,168,2.2,11.0
2022-03-07 21:51:09,2022-03-07 21:55:20,167,167,0.66,4.5
2022-03-08 06:56:50,2022-03-08 07:02:34,167,159,1.2,6.0
2022-03-08 06:30:09,2022-03-08 06:57:45,51,60,5.6,38.2
2022-03-08 06:25:30,2022-03-08 06:26:42,247,119,0.3,23.0
2022-03-08 07:27:50,2022-03-08 07:55:24,119,254,7.4,30.2
2022-03-08 07:15:22,2022-03-08 07:33:43,174,242,3.4,15.0
2022-03-08 07:48:00,2022-03-08 08:10:53,241,69,3.3,18.2
2022-03-08 08:45:13,2022-03-08 08:57:42,119,168,1.45,9.0
2022-03-08 08:16:17,2022-03-08 08:30:14,182,185,1.1,15.2
2022-03-08 08:43:08,2022-03-08 09:00:26,168,235,5.36,18.0
2022-03-08 09:06:24,2022-03-08 09:17:17,247,159,1.66,9.0
2022-03-08 10:09:45,2022-03-08 10:21:19,185,136,2.33,10.5
2022-03-08 10:17:12,2022-03-08 10:36:33,167,242,5.0,25.2
2022-03-08 10:10:42,2022-03-08 10:28:15,51,254,2.3,19.2
2022-03-08 10:35:52,2022-03-08 10:57:50,136,185,3.7,23.2
2022-03-08 10:06:11,2022-03-08 10:12:36,235,94,0.8,15.2
2022-03-08 10:22:52,2022-03-08 10:40:38,3,242,2.2,18.2
2022-03-08 11:25:02,2022-03-08 11:40:36,254,242,3.3,24.2
2022-03-08 11:05:16,2022-03-08 11:08:44,20,20,0.4,4.0
2022-03-08 12:45:11,2022-03-08 13:16:07,169,242,4.1,32.2
2022-03-08 12:29:29,2022-03-08 12:51:17,119,174,3.6,26.2
2022-03-08 13:27:01,2022-03-08 13:41:28,168,69,1.97,11.0
2022-03-08 13:28:29,2022-03-08 13:50:07,182,182,0.7,15.2
2022-03-08 13:22:59,2022-03-08 14:01:03,51,136,3.8,29.2
2022-03-08 14:25:15,2022-03-08 14:32:27,254,254,1.02,6.5
2022-03-08 14:14:42,2022-03-08 14:26:53,32,250,3.17,12.0
2022-03-08 15:48:47,2022-03-08 15:51:26,250,184,2.38,8.0
2022-03-08 15:06:15,2022-03-08 15:33:21,167,174,5.9,18.2
2022-03-08 15:54:19,2022-03-08 16:02:55,20,47,0.6,7.0
2022-03-08 15:52:26,2022-03-08 16:20:40,254,119,8.0,32.2
2022-03-08 15:22:10,2022-03-08 15:49:33,169,159,2.3,17.5
2022-03-08 16:10:07,2022-03-08 16:20:10,248,242,1.74,8.5
2022-03-08 16:29:19,2022-03-08 16:52:11,242,240,3.1,21.2
2022-03-08 18:31:01,2022-03-08 18:32:17,168,168,0.2,3.0
2022-03-08 18:05:14,2022-03-08 18:20:20,47,18,2.1,11.5
2022-03-08 19:01:30,2022-03-08 19:18:00,167,213,4.3,16.0
2022-03-08 21:28:23,2022-03-08 21:39:06,250,32,3.91,13.5
2022-03-08 23:41:59,2022-03-08 23:57:24,69,242,4.76,16.0
2022-03-09 00:09:25,2022-03-09 00:16:43,18,174,1.19,7.0
2022-03-09 05:50:27,2022-03-09 06:50:07,200,119,3.5,54.2
2022-03-09 06:22:47,2022-03-09 06:56:18,51,69,6.0,38.2
2022-03-09 07:28:29,2022-03-09 07:53:13,119,254,7.3,30.2
2022-03-09 07:30:13,2022-03-09 07:54:07,241,69,3.3,18.2
2022-03-09 08:34:39,2022-03-09 09:13:37,182,136,3.9,20.2
2022-03-09 08:12:27,2022-03-09 08:14:48,167,159,0.49,4.0
2022-03-09 08:25:07,2022-03-09 08:45:36,69,119,0.8,27.2
2022-03-09 09:51:02,2022-03-09 10:19:07,213,185,5.38,23.0
2022-03-09 09:07:44,2022-03-09 09:52:57,247,220,6.06,21.5
2022-03-09 10:04:39,2022-03-09 10:12:43,169,18,1.07,6.5
2022-03-09 10:46:23,2022-03-09 11:13:13,212,259,5.8,26.2
2022-03-09 10:15:47,2022-03-09 10:27:10,159,119,1.6,15.2
2022-03-09 10:54:20,2022-03-09 11:21:50,174,167,5.7,26.2
2022-03-09 11:36:52,2022-03-09 12:05:24,182,174,3.3,17.2
2022-03-09 11:00:32,2022-03-09 11:10:06,185,3,1.99,9.0
2022-03-09 12:17:42,2022-03-09 12:38:46,81,185,3.5,23.2
2022-03-09 12:53:29,2022-03-09 12:58:19,81,3,0.52,5.0
2022-03-09 12:00:27,2022-03-09 12:33:31,168,242,7.2,35.2
2022-03-09 12:36:48,2022-03-09 12:53:26,185,213,5.04,17.0
2022-03-09 14:20:44,2022-03-09 14:34:51,174,248,4.3,15.0
2022-03-09 14:58:33,2022-03-09 15:11:46,81,174,2.1,10.5
2022-03-09 14:58:58,2022-03-09 15:40:32,247,242,8.97,32.0
2022-03-09 15:38:34,2022-03-09 16:03:55,213,213,1.4,15.2
2022-03-09 15:50:26,2022-03-09 16:22:48,213,69,4.91,22.0
2022-03-09 16:22:30,2022-03-09 16:32:42,213,208,2.8,15.2
2022-03-09 16:52:45,2022-03-09 17:21:53,208,213,2.5,17.2
2022-03-09 17:14:31,2022-03-09 17:21:09,69,119,0.9,6.0
2022-03-10 02:47:01,2022-03-10 02:58:56,200,241,3.1,11.5
2022-03-10 02:34:33,2022-03-10 02:42:44,159,119,1.92,8.5
2022-03-10 06:29:54,2022-03-10 06:53:32,51,247,8.2,38.2
2022-03-10 07:25:33,2022-03-10 07:50:42,119,254,7.3,30.2
2022-03-10 07:40:27,2022-03-10 08:05:07,241,69,3.3,18.2
2022-03-10 08:33:39,2022-03-10 08:54:08,168,248,3.71,16.5
2022-03-10 08:21:43,2022-03-10 08:32:37,18,47,1.1,8.5
2022-03-10 08:21:49,2022-03-10 08:34:12,182,185,1.1,15.2
2022-03-10 09:48:03,2022-03-10 10:27:23,51,254,2.3,19.2
2022-03-10 09:32:57,2022-03-10 09:59:25,126,242,4.6,28.2
2022-03-10 09:00:10,2022-03-10 09:08:44,247,159,0.48,6.5
2022-03-10 09:15:13,2022-03-10 09:52:26,69,240,6.4,28.2
2022-03-10 10:48:09,2022-03-10 11:10:06,254,242,3.4,24.2
2022-03-10 10:44:05,2022-03-10 10:54:25,213,250,1.91,9.0
2022-03-10 11:40:07,2022-03-10 12:09:00,168,169,3.7,22.2
2022-03-10 11:40:40,2022-03-10 15:28:56,168,94,9.6,35.2
2022-03-10 11:59:22,2022-03-10 12:26:01,168,208,5.3,22.0
2022-03-10 12:21:31,2022-03-10 16:36:37,259,32,2.0,69.2
2022-03-10 13:29:59,2022-03-10 13:40:29,3,185,1.8,9.0
2022-03-10 13:33:24,2022-03-10 13:54:44,250,213,2.18,14.5
2022-03-10 13:22:20,2022-03-10 13:46:16,220,168,5.29,20.5
2022-03-10 14:20:23,2022-03-10 15:03:44,174,69,5.77,28.0
2022-03-10 15:32:17,2022-03-10 15:43:26,174,241,1.8,9.5
2022-03-10 15:26:55,2022-03-10 15:40:58,159,147,1.34,10.0
2022-03-10 15:35:01,2022-03-10 15:45:44,47,60,1.24,8.0
2022-03-10 16:31:03,2022-03-10 16:56:06,242,240,3.0,21.2
2022-03-10 17:15:13,2022-03-10 17:28:00,168,159,0.8,9.0
2022-03-10 18:32:17,2022-03-10 18:38:41,69,167,1.1,11.2
2022-03-10 18:13:51,2022-03-10 18:15:38,247,247,0.4,3.5
2022-03-10 22:26:53,2022-03-10 22:30:37,169,169,0.63,4.5
2022-03-10 22:00:18,2022-03-10 22:33:34,235,47,5.4,19.5
2022-03-11 02:44:16,2022-03-11 03:01:52,168,174,7.5,23.0
2022-03-11 02:01:13,2022-03-11 02:10:56,168,126,1.55,8.0
2022-03-11 05:48:37,2022-03-11 06:42:23,51,69,8.0,38.2
2022-03-11 06:43:47,2022-03-11 06:53:43,159,168,1.4,8.5
2022-03-11 06:41:24,2022-03-11 06:46:23,147,126,0.7,5.5
2022-03-11 06:50:13,2022-03-11 07:35:59,119,254,7.6,30.2
2022-03-11 07:26:05,2022-03-11 07:40:41,182,20,3.1,17.2
2022-03-11 07:38:01,2022-03-11 08:06:23,241,69,3.7,17.2
2022-03-11 08:47:20,2022-03-11 08:58:51,51,212,4.8,16.0
2022-03-11 08:52:32,2022-03-11 09:27:27,235,242,5.1,24.2
2022-03-11 09:17:00,2022-03-11 09:36:28,159,169,2.91,14.5
2022-03-11 09:25:17,2022-03-11 09:33:30,168,168,0.55,6.5
2022-03-11 09:09:37,2022-03-11 09:25:51,174,200,3.9,24.2
2022-03-11 09:41:48,2022-03-11 10:22:16,254,168,6.6,30.2
2022-03-11 09:57:33,2022-03-11 10:30:49,212,69,2.3,19.2
2022-03-11 10:04:49,2022-03-11 10:15:49,241,259,2.1,10.0
2022-03-11 10:43:05,2022-03-11 10:57:52,78,47,1.5,17.2
2022-03-11 11:01:41,2022-03-11 11:14:23,213,182,2.2,15.2
2022-03-11 13:21:33,2022-03-11 13:42:50,69,94,2.63,15.0
2022-03-11 14:53:42,2022-03-11 15:09:56,213,51,4.8,20.2
2022-03-11 15:38:55,2022-03-11 16:02:36,60,20,2.0,15.5
2022-03-11 15:22:00,2022-03-11 15:35:13,182,185,1.2,15.2
2022-03-11 15:47:06,2022-03-11 16:08:51,32,31,2.7,16.0
2022-03-11 15:41:13,2022-03-11 16:10:02,51,213,5.0,20.2
2022-03-11 16:30:47,2022-03-11 16:33:31,69,247,0.29,3.5
2022-03-11 17:50:35,2022-03-11 18:07:03,69,18,3.9,14.5
2022-03-11 17:58:51,2022-03-11 18:11:08,159,247,0.7,8.5
2022-03-11 17:44:44,2022-03-11 18:11:38,168,213,5.8,22.2
2022-03-11 18:49:14,2022-03-11 18:56:16,213,212,0.7,15.2
2022-03-11 18:59:26,2022-03-11 19:02:01,20,20,0.88,4.5
2022-03-11 19:40:30,2022-03-11 19:45:51,159,168,0.98,5.5
2022-03-11 21:57:43,2022-03-11 22:09:51,147,47,1.9,9.0
2022-03-11 21:22:48,2022-03-11 21:45:10,242,119,2.5,17.2
2022-03-11 23:17:31,2022-03-11 23:24:56,213,182,1.67,7.5
2022-03-11 23:04:11,2022-03-11 23:14:40,241,235,2.1,9.5
2022-03-12 01:06:41,2022-03-12 01:08:41,119,119,0.31,3.5
2022-03-12 01:13:13,2022-03-12 01:14:12,169,169,0.12,3.0
2022-03-12 02:13:08,2022-03-12 02:29:36,60,3,6.7,21.5
2022-03-12 03:07:52,2022-03-12 03:14:44,47,247,0.94,6.5
2022-03-12 03:16:00,2022-03-12 03:26:10,247,136,3.33,12.5
2022-03-12 04:24:26,2022-03-12 04:32:20,119,169,1.6,8.0
2022-03-12 07:56:36,2022-03-12 08:21:41,47,159,1.9,18.2
2022-03-12 08:40:03,2022-03-12 08:57:01,182,126,3.0,24.2
2022-03-12 08:50:55,2022-03-12 09:04:17,69,247,1.4,18.2
2022-03-12 08:52:34,2022-03-12 09:30:59,208,242,3.9,17.2
2022-03-12 08:27:46,2022-03-12 08:54:27,235,78,3.1,21.2
2022-03-12 09:28:48,2022-03-12 09:44:40,78,3,3.8,23.2
2022-03-12 09:17:48,2022-03-12 09:52:43,147,259,5.6,31.2
2022-03-12 09:56:04,2022-03-12 10:15:52,213,174,4.8,24.2
2022-03-12 09:03:12,2022-03-12 09:29:56,200,242,4.5,43.2
2022-03-12 09:41:34,2022-03-12 10:36:08,51,254,2.3,19.2
2022-03-12 09:06:34,2022-03-12 09:48:27,185,174,2.5,19.2
2022-03-12 09:09:22,2022-03-12 09:34:25,51,51,1.9,21.2
2022-03-12 10:31:32,2022-03-12 10:53:43,235,159,2.9,20.2
2022-03-12 10:14:57,2022-03-12 10:27:38,51,242,3.1,21.2
2022-03-12 10:42:34,2022-03-12 11:01:09,182,159,6.0,26.2
2022-03-12 10:25:20,2022-03-12 10:57:02,81,51,2.2,17.2
2022-03-12 10:52:41,2022-03-12 11:10:16,167,213,1.6,18.2
2022-03-12 10:59:01,2022-03-12 11:20:12,254,242,3.3,22.2
2022-03-12 11:04:48,2022-03-12 11:33:59,247,184,8.4,33.2
2022-03-12 11:00:04,2022-03-12 11:19:44,78,213,3.1,22.2
2022-03-12 11:28:47,2022-03-12 11:42:46,213,47,2.7,22.2
2022-03-12 12:24:38,2022-03-12 12:35:07,18,78,1.7,8.5
2022-03-12 12:51:18,2022-03-12 12:56:24,51,51,0.6,17.2
2022-03-12 12:19:40,2022-03-12 12:31:12,81,254,1.0,16.2
2022-03-12 13:46:49,2022-03-12 13:56:02,51,51,2.4,19.2
2022-03-12 13:36:35,2022-03-12 13:50:22,242,254,3.4,20.2
2022-03-12 14:46:29,2022-03-12 14:48:32,159,167,0.28,3.5
2022-03-12 14:34:08,2022-03-12 14:50:30,185,182,1.7,18.2
2022-03-12 15:11:10,2022-03-12 15:25:14,32,18,2.63,12.0
2022-03-12 15:32:48,2022-03-12 15:39:36,136,235,1.2,6.5
2022-03-12 16:12:51,2022-03-12 16:39:16,242,254,3.1,21.2
2022-03-12 16:01:23,2022-03-12 16:09:36,31,18,2.4,9.5
2022-03-12 17:19:43,2022-03-12 17:40:02,47,182,2.6,23.2
2022-03-12 18:34:10,2022-03-12 18:41:39,168,247,0.79,6.5
2022-03-12 19:24:53,2022-03-12 19:34:54,212,60,2.01,9.0
2022-03-12 20:01:51,2022-03-12 20:07:44,159,168,1.08,6.0
2022-03-12 20:15:56,2022-03-12 20:36:32,51,182,3.4,20.2
2022-03-12 20:27:07,2022-03-12 20:47:58,235,213,5.2,26.2
2022-03-12 21:43:53,2022-03-12 21:49:00,47,47,1.07,50.0
2022-03-12 21:17:44,2022-03-12 21:31:25,208,32,4.18,14.5
2022-03-12 21:37:30,2022-03-12 21:37:45,247,247,6.9,25.0
2022-03-13 04:41:18,2022-03-13 04:49:35,235,47,2.39,9.5
2022-03-13 05:58:43,2022-03-13 06:01:23,81,254,0.71,16.7
2022-03-13 05:28:09,2022-03-13 05:32:06,159,168,0.83,5.0
2022-03-13 07:32:10,2022-03-13 07:39:15,254,254,1.56,7.5
2022-03-13 07:09:03,2022-03-13 07:24:15,18,20,1.63,10.5
2022-03-13 08:59:47,2022-03-13 09:19:25,212,213,2.4,19.2
2022-03-13 08:15:09,2022-03-13 08:23:59,167,60,0.8,15.2
2022-03-13 08:41:43,2022-03-13 08:51:17,18,200,4.6,14.5
2022-03-13 09:58:31,2022-03-13 10:15:54,81,47,8.1,32.2
2022-03-13 09:00:00,2022-03-13 09:15:48,136,220,1.2,18.2
2022-03-13 09:23:50,2022-03-13 09:36:34,254,81,1.4,17.2
2022-03-13 09:34:47,2022-03-13 10:02:04,69,182,4.4,25.2
2022-03-13 09:46:52,2022-03-13 10:05:51,60,167,0.8,15.2
2022-03-13 09:51:19,2022-03-13 10:11:44,241,159,7.0,23.5
2022-03-13 09:33:15,2022-03-13 09:49:19,213,94,4.2,24.2
2022-03-13 10:44:34,2022-03-13 10:48:27,159,167,0.5,4.5
2022-03-13 10:33:56,2022-03-13 10:53:01,174,213,4.1,24.2
2022-03-13 11:00:50,2022-03-13 11:14:11,213,169,3.6,23.2
2022-03-13 11:31:07,2022-03-13 11:50:58,242,167,3.6,24.2
2022-03-13 11:51:34,2022-03-13 12:10:55,126,78,10.59,30.0
2022-03-13 11:19:12,2022-03-13 11:28:26,69,60,0.9,16.2
2022-03-13 11:53:42,2022-03-13 12:14:44,60,18,0.2,22.2
2022-03-13 11:15:36,2022-03-13 11:25:44,126,213,2.0,20.2
2022-03-13 12:22:07,2022-03-13 12:57:40,126,169,3.1,19.2
2022-03-13 12:45:11,2022-03-13 12:49:38,167,159,0.5,4.5
2022-03-13 13:42:28,2022-03-13 14:16:44,47,213,4.3,23.2
2022-03-13 14:07:37,2022-03-13 14:15:57,18,32,1.6,18.2
2022-03-13 14:37:03,2022-03-13 14:52:28,200,174,3.2,22.2
2022-03-13 14:11:12,2022-03-13 14:22:28,182,185,2.52,10.5
2022-03-13 14:14:54,2022-03-13 14:22:00,174,254,1.3,17.2
2022-03-13 15:47:51,2022-03-13 16:21:39,51,241,3.9,29.2
2022-03-13 16:25:57,2022-03-13 16:42:46,247,213,4.74,16.0
2022-03-13 16:08:24,2022-03-13 16:35:12,136,69,3.0,23.2
2022-03-13 18:01:57,2022-03-13 20:09:45,247,51,5.3,23.2
2022-03-13 19:53:06,2022-03-13 20:02:50,200,200,2.22,9.0
2022-03-13 19:50:53,2022-03-13 19:55:11,247,247,0.77,5.0
2022-03-13 22:10:38,2022-03-13 22:17:40,247,69,0.88,6.0
2022-03-13 22:16:25,2022-03-13 22:19:15,119,119,0.26,4.0
2022-03-14 00:05:14,2022-03-14 00:17:50,136,185,2.97,12.0
2022-03-14 01:36:01,2022-03-14 01:41:54,159,168,0.8,6.0
2022-03-14 06:00:58,2022-03-14 06:49:33,51,69,10.1,38.2
2022-03-14 07:17:08,2022-03-14 07:43:13,119,254,7.5,30.2
2022-03-14 07:48:45,2022-03-14 08:24:26,254,169,3.9,18.2
2022-03-14 07:42:50,2022-03-14 08:06:15,241,69,3.4,18.2
2022-03-14 08:03:05,2022-03-14 08:07:47,167,159,0.5,4.0
2022-03-14 08:30:13,2022-03-14 08:54:10,94,200,7.89,25.0
2022-03-14 08:31:36,2022-03-14 08:59:26,169,159,2.3,19.2
2022-03-14 08:29:53,2022-03-14 08:39:46,147,168,0.96,8.0
2022-03-14 08:34:45,2022-03-14 08:48:33,51,212,4.73,16.0
2022-03-14 09:11:11,2022-03-14 09:29:04,69,78,2.26,13.0
2022-03-14 09:44:56,2022-03-14 10:10:59,174,69,2.8,20.2
2022-03-14 10:17:12,2022-03-14 10:21:49,220,220,0.67,5.0
2022-03-14 10:05:16,2022-03-14 10:24:50,47,185,4.8,20.2
2022-03-14 10:23:06,2022-03-14 10:44:54,78,242,2.8,32.2
2022-03-14 11:59:27,2022-03-14 12:13:44,242,248,2.3,11.0
2022-03-14 11:56:50,2022-03-14 12:02:53,247,168,1.54,7.0
2022-03-14 12:20:32,2022-03-14 13:02:58,242,235,8.3,32.5
2022-03-14 12:31:52,2022-03-14 12:40:18,182,242,1.2,15.2
2022-03-14 13:37:25,2022-03-14 13:44:45,242,182,1.2,15.2
2022-03-14 13:37:50,2022-03-14 13:41:26,94,169,0.4,4.5
2022-03-14 14:09:52,2022-03-14 14:22:06,213,250,2.15,10.0
2022-03-14 14:34:07,2022-03-14 14:43:38,247,168,0.9,7.5
2022-03-14 15:22:13,2022-03-14 15:31:44,248,242,1.77,8.5
2022-03-14 15:52:55,2022-03-14 16:08:43,250,213,2.14,11.5
2022-03-14 15:28:01,2022-03-14 16:08:00,254,119,7.9,32.2
2022-03-14 16:35:49,2022-03-14 16:56:01,168,167,1.69,12.5
2022-03-14 16:05:36,2022-03-14 16:21:41,69,235,1.35,11.0
2022-03-14 18:09:38,2022-03-14 18:30:39,159,185,4.0,17.0
2022-03-14 19:53:21,2022-03-14 20:13:36,20,51,3.6,20.2
2022-03-15 00:56:53,2022-03-15 01:07:00,94,247,3.2,11.5
2022-03-15 01:20:12,2022-03-15 01:23:44,159,168,0.66,4.5
2022-03-15 03:12:02,2022-03-15 03:22:59,168,147,2.0,9.5
2022-03-15 03:33:02,2022-03-15 03:45:31,136,78,2.77,11.5
2022-03-15 03:02:38,2022-03-15 03:16:51,247,18,5.3,17.0
2022-03-15 06:27:49,2022-03-15 06:50:13,168,168,2.2,15.0
2022-03-15 06:13:58,2022-03-15 06:23:43,119,168,2.5,25.2
2022-03-15 07:03:47,2022-03-15 07:34:45,119,254,7.4,31.2
2022-03-15 07:40:41,2022-03-15 07:58:52,169,59,1.9,13.0
2022-03-15 07:42:43,2022-03-15 08:05:52,241,69,3.3,18.2
2022-03-15 08:33:55,2022-03-15 08:35:01,159,69,0.14,3.0
2022-03-15 08:26:56,2022-03-15 08:39:43,247,235,2.98,11.5
2022-03-15 08:33:00,2022-03-15 08:38:59,159,159,0.6,5.5
2022-03-15 09:54:48,2022-03-15 10:04:21,242,185,1.7,8.5
2022-03-15 10:38:13,2022-03-15 10:44:38,147,47,1.2,6.5
2022-03-15 10:44:14,2022-03-15 11:23:19,51,69,8.0,38.2
2022-03-15 11:25:51,2022-03-15 11:53:58,169,259,0.3,29.2
2022-03-15 12:37:58,2022-03-15 13:09:57,47,174,3.4,22.2
2022-03-15 12:17:38,2022-03-15 12:34:02,235,169,1.0,17.2
2022-03-15 12:11:30,2022-03-15 12:27:48,51,250,6.1,19.5
2022-03-15 12:01:58,2022-03-15 12:36:19,182,242,1.6,15.2
2022-03-15 12:01:08,2022-03-15 12:18:47,81,183,2.3,19.2
2022-03-15 12:06:04,2022-03-15 12:39:14,60,174,3.6,22.2
2022-03-15 12:12:22,2022-03-15 12:34:42,235,169,1.2,17.2
2022-03-15 13:41:55,2022-03-15 14:12:17,136,185,3.9,23.2
2022-03-15 13:47:04,2022-03-15 14:10:05,242,213,2.4,19.2
2022-03-15 13:57:28,2022-03-15 14:12:26,242,213,3.7,21.2
2022-03-15 14:35:54,2022-03-15 14:52:36,174,185,4.12,15.0
2022-03-15 14:23:50,2022-03-15 14:30:15,159,168,0.9,6.0
2022-03-15 14:24:33,2022-03-15 14:42:28,126,174,4.1,22.2
2022-03-15 14:33:46,2022-03-15 14:48:33,213,81,6.6,28.2
2022-03-15 14:00:26,2022-03-15 14:24:58,169,235,0.9,16.2
2022-03-15 15:19:29,2022-03-15 15:38:27,250,51,6.3,21.0
2022-03-15 15:34:21,2022-03-15 15:48:55,254,242,3.4,22.2
2022-03-15 15:01:10,2022-03-15 15:37:47,119,174,3.8,26.2
2022-03-15 16:26:31,2022-03-15 16:41:04,247,168,1.6,11.0
2022-03-15 16:01:53,2022-03-15 16:14:54,94,169,1.4,9.5
2022-03-15 16:28:05,2022-03-15 16:52:56,147,259,7.5,31.2
2022-03-15 16:31:31,2022-03-15 16:45:19,119,20,2.1,15.2
2022-03-15 17:35:10,2022-03-15 17:40:44,69,69,0.52,5.0
2022-03-15 17:23:13,2022-03-15 17:39:40,81,242,2.2,18.2
2022-03-15 17:36:34,2022-03-15 17:56:25,147,69,1.4,17.2
2022-03-15 17:01:17,2022-03-15 17:17:35,159,69,0.9,10.5
2022-03-15 17:14:54,2022-03-15 17:32:58,20,119,2.5,15.2
2022-03-15 18:00:39,2022-03-15 18:10:45,247,159,1.0,15.2
2022-03-15 18:12:08,2022-03-15 18:38:40,159,182,4.6,20.2
2022-03-15 18:29:36,2022-03-15 18:57:08,200,254,4.6,23.2
2022-03-15 19:02:47,2022-03-15 19:39:49,254,167,5.5,26.2
2022-03-15 19:16:58,2022-03-15 19:37:17,20,81,5.3,22.2
2022-03-15 19:12:35,2022-03-15 19:28:30,69,169,2.0,11.5
2022-03-15 19:35:26,2022-03-15 20:10:58,119,208,5.6,22.2
2022-03-15 19:10:14,2022-03-15 20:09:37,254,119,8.2,32.2
2022-03-15 19:30:57,2022-03-15 19:50:14,18,147,3.4,15.0
2022-03-15 20:13:18,2022-03-15 20:17:24,119,247,0.6,5.0
2022-03-15 20:18:13,2022-03-15 20:40:11,242,254,3.2,21.2
2022-03-15 20:03:19,2022-03-15 20:30:07,3,147,4.1,26.2
2022-03-15 23:15:46,2022-03-15 23:24:25,242,182,0.8,15.2
2022-03-16 00:09:00,2022-03-16 00:26:11,220,167,5.8,19.5
2022-03-16 07:51:06,2022-03-16 08:09:45,168,78,4.32,17.0
2022-03-16 08:40:17,2022-03-16 08:50:23,247,159,1.22,8.0
2022-03-16 08:03:25,2022-03-16 08:10:23,247,69,0.89,6.5
2022-03-16 08:27:36,2022-03-16 08:37:43,51,212,4.73,15.5
2022-03-16 10:56:12,2022-03-16 11:37:40,51,69,8.2,38.2
2022-03-16 10:34:57,2022-03-16 10:53:07,168,169,4.8,17.5
2022-03-16 11:17:38,2022-03-16 11:43:36,119,254,7.4,31.2
2022-03-16 11:20:45,2022-03-16 11:34:47,247,247,1.51,10.0
2022-03-16 11:38:02,2022-03-16 12:05:01,241,69,3.3,17.2
2022-03-16 12:43:29,2022-03-16 13:20:46,167,3,7.5,28.2
2022-03-16 12:37:35,2022-03-16 13:11:01,200,241,1.5,17.2
2022-03-16 13:36:14,2022-03-16 13:41:16,159,159,0.6,4.0
2022-03-16 13:34:10,2022-03-16 13:50:58,69,18,4.1,15.5
2022-03-16 13:46:27,2022-03-16 13:49:58,20,60,0.49,4.0
2022-03-16 13:01:49,2022-03-16 13:23:48,147,212,2.3,20.2
2022-03-16 14:03:37,2022-03-16 14:28:30,94,242,3.1,25.2
2022-03-16 14:19:33,2022-03-16 14:29:41,147,159,0.6,15.2
2022-03-16 14:14:01,2022-03-16 14:27:09,182,242,1.94,10.0
2022-03-16 14:56:24,2022-03-16 15:11:14,247,126,4.55,16.0
2022-03-16 15:50:11,2022-03-16 16:07:51,213,119,6.3,24.2
2022-03-16 15:50:04,2022-03-16 15:57:52,247,69,0.7,16.2
2022-03-16 15:45:39,2022-03-16 16:09:27,213,241,6.2,22.2
2022-03-16 17:48:51,2022-03-16 17:56:19,69,159,0.87,6.5
2022-03-16 18:52:54,2022-03-16 19:03:53,220,200,2.23,9.5
2022-03-16 19:32:05,2022-03-16 19:37:16,247,168,0.87,5.5
2022-03-16 20:54:40,2022-03-16 20:56:22,169,169,5.3,70.0
2022-03-17 00:24:54,2022-03-17 00:28:30,200,220,0.9,5.0
2022-03-17 06:02:58,2022-03-17 06:41:19,51,69,8.1,38.2
2022-03-17 07:49:19,2022-03-17 08:14:11,235,60,3.74,17.5
2022-03-17 07:24:52,2022-03-17 07:50:07,119,254,7.2,31.2
2022-03-17 07:48:45,2022-03-17 08:09:02,235,174,4.9,24.2
2022-03-17 07:41:30,2022-03-17 08:03:23,241,69,3.3,18.2
2022-03-17 07:25:53,2022-03-17 07:44:03,18,174,0.9,16.2
2022-03-17 08:01:08,2022-03-17 08:24:55,212,69,2.76,15.5
2022-03-17 08:19:57,2022-03-17 09:01:36,254,159,9.5,34.5
2022-03-17 08:25:46,2022-03-17 08:40:02,182,185,1.0,15.2
2022-03-17 08:45:10,2022-03-17 08:57:33,119,168,1.64,8.0
2022-03-17 08:37:05,2022-03-17 08:54:08,119,159,2.0,15.2
2022-03-17 08:56:56,2022-03-17 09:11:29,159,126,1.1,15.2
2022-03-17 08:36:33,2022-03-17 08:59:38,119,220,3.3,18.2
2022-03-17 11:29:06,2022-03-17 11:40:37,254,242,3.5,22.2
2022-03-17 11:47:12,2022-03-17 11:57:57,94,247,1.78,9.0
2022-03-17 11:00:02,2022-03-17 11:21:21,169,213,3.4,18.2
2022-03-17 12:24:17,2022-03-17 12:31:07,159,159,0.63,6.0
2022-03-17 12:42:12,2022-03-17 12:47:56,159,167,1.1,6.0
2022-03-17 13:26:57,2022-03-17 13:35:26,185,182,1.1,15.2
2022-03-17 13:58:05,2022-03-17 14:11:05,167,247,1.5,8.5
2022-03-17 14:54:55,2022-03-17 15:30:56,235,51,8.91,31.0
2022-03-17 14:09:49,2022-03-17 14:22:06,51,259,1.6,15.2
2022-03-17 15:28:06,2022-03-17 15:45:04,78,159,1.9,15.2
2022-03-17 15:26:27,2022-03-17 16:02:51,254,119,7.9,32.2
2022-03-17 16:55:06,2022-03-17 17:13:30,242,254,3.2,21.2
2022-03-17 18:31:54,2022-03-17 18:49:29,119,240,5.1,26.2
2022-03-17 22:34:22,2022-03-17 22:43:24,174,259,2.5,10.0
2022-03-18 02:46:38,2022-03-18 02:52:07,159,167,1.12,6.0
2022-03-18 06:20:10,2022-03-18 06:53:33,51,247,10.4,38.2
2022-03-18 07:42:51,2022-03-18 07:52:44,159,168,1.36,8.0
2022-03-18 07:04:30,2022-03-18 07:33:05,119,254,7.4,31.2
2022-03-18 07:26:04,2022-03-18 07:33:06,159,168,0.9,6.5
2022-03-18 07:35:11,2022-03-18 08:07:19,241,69,3.8,20.2
2022-03-18 08:04:40,2022-03-18 08:20:04,168,69,1.39,10.0
2022-03-18 09:43:35,2022-03-18 10:14:30,235,126,4.4,24.2
2022-03-18 09:31:07,2022-03-18 09:37:20,242,183,0.4,17.2
2022-03-18 09:01:10,2022-03-18 09:33:18,259,168,10.64,81.0
2022-03-18 09:25:59,2022-03-18 09:29:32,51,51,0.6,59.2
2022-03-18 10:45:13,2022-03-18 11:04:44,47,126,1.81,13.5
2022-03-18 10:13:10,2022-03-18 10:33:13,185,185,0.4,15.2
2022-03-18 10:23:54,2022-03-18 10:38:06,208,3,2.5,21.2
2022-03-18 10:09:02,2022-03-18 10:25:04,47,235,1.9,30.2
2022-03-18 10:34:28,2022-03-18 10:49:06,51,213,5.85,19.5
2022-03-18 10:14:59,2022-03-18 10:31:50,119,213,3.8,18.2
2022-03-18 11:34:03,2022-03-18 11:51:56,78,126,3.4,50.2
2022-03-18 12:16:40,2022-03-18 12:40:55,167,174,4.0,24.2
2022-03-18 12:58:43,2022-03-18 13:13:19,3,242,2.3,19.2
2022-03-18 12:01:17,2022-03-18 12:32:04,167,167,4.97,22.0
2022-03-18 12:13:26,2022-03-18 13:10:52,3,242,3.4,20.2
2022-03-18 13:51:39,2022-03-18 14:15:29,185,18,3.2,22.2
2022-03-18 13:13:58,2022-03-18 14:08:18,242,250,1.5,17.2
2022-03-18 13:16:06,2022-03-18 13:42:33,182,60,2.5,19.2
2022-03-18 13:37:43,2022-03-18 14:03:46,182,213,2.5,18.2
2022-03-18 14:06:46,2022-03-18 14:22:39,185,81,1.8,17.2
2022-03-18 14:29:13,2022-03-18 14:43:45,242,213,2.4,20.2
2022-03-18 14:52:34,2022-03-18 15:34:02,126,81,8.2,32.5
2022-03-18 14:54:48,2022-03-18 15:08:14,159,168,0.7,9.5
2022-03-18 14:53:15,2022-03-18 15:11:45,242,32,1.82,13.0
2022-03-18 14:56:26,2022-03-18 15:13:08,235,69,1.9,15.2
2022-03-18 15:27:07,2022-03-18 15:31:10,247,247,0.5,5.0
2022-03-18 15:40:17,2022-03-18 15:44:26,94,31,0.65,4.5
2022-03-18 15:57:48,2022-03-18 16:13:50,168,168,0.9,10.0
2022-03-18 15:25:09,2022-03-18 15:57:49,69,241,3.4,17.2
2022-03-18 16:48:40,2022-03-18 18:01:10,247,220,8.69,45.0
2022-03-18 16:24:00,2022-03-18 16:55:32,242,32,2.93,20.0
2022-03-18 16:26:12,2022-03-18 16:45:29,168,119,2.45,13.0
2022-03-18 16:11:13,2022-03-18 16:15:34,174,241,0.67,5.0
2022-03-18 18:57:38,2022-03-18 19:07:27,247,168,1.63,8.5
2022-03-18 18:18:28,2022-03-18 18:37:30,78,159,2.93,13.5
2022-03-18 18:46:43,2022-03-18 19:12:27,159,213,6.76,22.0
2022-03-18 23:42:38,2022-03-19 00:05:28,254,78,4.2,28.2
2022-03-19 00:30:25,2022-03-19 00:38:52,126,213,1.93,8.5
2022-03-19 00:33:16,2022-03-19 00:36:54,247,167,0.65,4.5
2022-03-19 01:21:25,2022-03-19 01:28:56,247,169,1.5,7.5
2022-03-19 02:30:56,2022-03-19 02:41:56,213,167,2.58,10.5
2022-03-19 04:59:39,2022-03-19 05:10:25,167,32,3.52,12.5
2022-03-19 04:55:10,2022-03-19 05:03:21,126,126,2.14,9.0
2022-03-19 06:29:45,2022-03-19 06:37:10,169,20,1.32,7.0
2022-03-19 06:51:40,2022-03-19 07:18:08,119,242,6.3,37.2
2022-03-19 07:34:41,2022-03-19 07:56:45,51,182,5.4,28.2
2022-03-19 07:53:45,2022-03-19 08:05:59,51,51,0.6,15.2
2022-03-19 08:57:57,2022-03-19 09:34:29,169,32,2.7,20.2
2022-03-19 08:42:15,2022-03-19 09:01:41,213,3,4.5,27.2
2022-03-19 08:19:03,2022-03-19 08:33:00,3,242,2.2,19.2
2022-03-19 08:06:43,2022-03-19 08:26:48,250,213,2.1,18.2
2022-03-19 08:52:04,2022-03-19 09:29:35,60,159,2.7,25.2
2022-03-19 09:07:31,2022-03-19 09:28:20,51,208,3.7,20.2
2022-03-19 09:36:44,2022-03-19 09:51:03,51,51,1.4,21.2
2022-03-19 09:43:40,2022-03-19 09:55:28,254,254,0.9,16.2
2022-03-19 09:23:36,2022-03-19 09:37:19,147,20,5.05,16.5
2022-03-19 09:11:06,2022-03-19 10:08:54,254,248,4.7,27.2
2022-03-19 09:35:03,2022-03-19 09:53:40,242,147,2.0,19.2
2022-03-19 10:31:27,2022-03-19 10:33:57,60,60,0.49,4.0
2022-03-19 10:42:45,2022-03-19 11:22:48,51,213,6.3,28.2
2022-03-19 10:00:40,2022-03-19 10:13:11,213,212,0.8,16.2
2022-03-19 10:23:15,2022-03-19 11:08:02,254,81,1.5,17.2
2022-03-19 10:17:33,2022-03-19 10:24:16,241,220,0.4,15.2
2022-03-19 10:36:37,2022-03-19 10:46:30,200,220,1.5,17.2
2022-03-19 10:16:33,2022-03-19 10:26:54,220,220,0.8,15.2
2022-03-19 10:42:47,2022-03-19 11:03:22,254,69,5.3,27.2
2022-03-19 10:50:36,2022-03-19 11:29:29,241,183,4.8,29.2
2022-03-19 11:44:20,2022-03-19 12:04:51,254,20,3.7,23.2
2022-03-19 11:16:17,2022-03-19 11:38:20,254,242,2.9,22.2
2022-03-19 11:52:24,2022-03-19 12:15:20,208,159,4.9,24.2
2022-03-19 11:00:28,2022-03-19 11:25:32,94,159,3.5,23.2
2022-03-19 11:13:40,2022-03-19 11:52:03,32,69,7.2,31.2
2022-03-19 11:28:47,2022-03-19 11:44:59,78,235,2.8,17.2
2022-03-19 11:38:23,2022-03-19 12:03:47,51,235,4.9,34.2
2022-03-19 11:20:35,2022-03-19 11:31:32,254,81,1.4,17.2
2022-03-19 11:36:40,2022-03-19 12:07:05,254,78,3.3,21.2
2022-03-19 11:18:07,2022-03-19 11:22:31,78,78,0.4,15.2
2022-03-19 11:34:36,2022-03-19 11:58:06,169,235,1.6,16.2
2022-03-19 11:44:27,2022-03-19 12:08:34,242,119,4.6,20.2
2022-03-19 12:23:10,2022-03-19 12:50:52,159,3,5.8,29.2
2022-03-19 12:56:09,2022-03-19 13:09:40,174,20,2.1,20.2
2022-03-19 12:30:51,2022-03-19 13:10:32,248,213,1.9,18.2
2022-03-19 12:02:41,2022-03-19 12:43:38,220,69,4.6,25.2
2022-03-19 12:58:06,2022-03-19 13:39:29,47,51,6.8,29.2
2022-03-19 12:26:54,2022-03-19 12:32:39,242,208,0.8,16.2
2022-03-19 12:44:30,2022-03-19 13:10:28,51,241,6.1,29.2
2022-03-19 12:19:16,2022-03-19 12:39:59,69,78,2.7,20.2
2022-03-19 12:41:56,2022-03-19 13:10:10,119,242,5.2,22.2
2022-03-19 12:56:46,2022-03-19 13:29:08,51,78,4.8,24.2
2022-03-19 13:14:45,2022-03-19 13:33:22,20,51,3.2,18.2
2022-03-19 13:38:55,2022-03-19 13:59:14,51,18,2.9,22.2
2022-03-19 13:24:12,2022-03-19 13:46:21,235,78,2.7,18.2
2022-03-19 13:53:35,2022-03-19 14:21:17,247,51,7.9,32.2
2022-03-19 13:01:13,2022-03-19 13:30:42,247,185,5.6,26.2
2022-03-19 13:51:30,2022-03-19 14:24:50,169,32,3.3,20.2
2022-03-19 14:22:20,2022-03-19 14:56:21,119,212,4.2,26.2
2022-03-19 14:12:42,2022-03-19 15:08:06,169,81,7.2,35.2
2022-03-19 14:23:00,2022-03-19 14:41:54,182,51,2.8,21.2
2022-03-19 14:42:01,2022-03-19 15:02:34,250,78,2.4,20.2
2022-03-19 14:19:27,2022-03-19 14:39:28,183,185,1.6,20.2
2022-03-19 14:44:28,2022-03-19 14:58:47,185,182,1.3,18.2
2022-03-19 14:58:42,2022-03-19 15:18:39,32,81,2.4,18.2
2022-03-19 15:31:42,2022-03-19 15:36:31,220,220,0.58,5.0
2022-03-19 15:41:53,2022-03-19 15:55:12,69,169,2.3,11.0
2022-03-19 15:54:34,2022-03-19 16:41:16,78,51,4.5,32.2
2022-03-19 15:52:49,2022-03-19 16:05:48,213,208,3.35,12.5
2022-03-19 15:19:01,2022-03-19 15:29:29,94,18,1.02,7.5
2022-03-19 15:44:20,2022-03-19 15:50:02,168,159,0.81,5.5
2022-03-19 15:12:13,2022-03-19 15:33:38,167,235,2.2,19.2
2022-03-19 15:59:54,2022-03-19 16:29:39,213,185,2.6,22.2
2022-03-19 16:15:02,2022-03-19 16:35:14,51,242,2.3,21.2
2022-03-19 16:08:22,2022-03-19 16:24:21,242,240,3.1,21.2
2022-03-19 16:52:00,2022-03-19 17:35:24,235,147,2.4,20.2
2022-03-19 17:10:43,2022-03-19 17:34:57,51,78,3.5,26.2
2022-03-19 17:01:42,2022-03-19 17:12:48,235,169,1.6,9.0
2022-03-19 17:39:26,2022-03-19 17:58:33,147,212,1.9,20.2
2022-03-19 17:14:39,2022-03-19 17:39:46,32,169,3.5,20.2
2022-03-19 17:47:53,2022-03-19 18:23:40,235,51,7.6,31.2
2022-03-19 18:47:33,2022-03-19 19:06:38,47,213,3.2,23.2
2022-03-19 18:39:22,2022-03-19 18:52:49,242,182,1.0,16.2
2022-03-19 19:54:29,2022-03-19 19:57:21,213,213,0.7,4.5
2022-03-19 19:28:07,2022-03-19 19:53:23,47,47,0.9,20.2
2022-03-19 19:28:55,2022-03-19 19:34:31,247,168,0.5,5.5
2022-03-19 20:20:57,2022-03-19 20:37:57,235,174,2.5,24.2
2022-03-19 20:07:23,2022-03-19 20:34:06,147,182,3.0,22.2
2022-03-19 21:36:52,2022-03-19 21:50:17,168,69,2.2,10.5
2022-03-19 21:54:16,2022-03-19 22:09:20,47,126,2.4,12.0
2022-03-19 21:40:42,2022-03-19 21:46:53,247,69,1.3,6.5
2022-03-19 22:35:48,2022-03-19 22:39:48,247,119,1.01,5.5
2022-03-20 00:24:03,2022-03-20 00:43:23,159,47,2.9,12.5
2022-03-20 02:58:35,2022-03-20 03:14:26,159,247,2.6,12.5
2022-03-20 02:15:58,2022-03-20 02:27:38,168,235,3.3,12.5
2022-03-20 02:35:11,2022-03-20 02:48:20,241,168,6.1,19.0
2022-03-20 02:55:11,2022-03-20 03:18:56,168,185,6.3,22.5
2022-03-20 03:40:56,2022-03-20 03:48:27,241,169,1.5,7.5
2022-03-20 04:52:39,2022-03-20 05:00:46,20,254,3.46,11.5
2022-03-20 04:17:09,2022-03-20 04:35:52,212,247,8.73,25.5
2022-03-20 06:41:57,2022-03-20 08:22:52,47,47,15.14,44.2
2022-03-20 07:53:35,2022-03-20 08:18:44,182,174,4.5,23.2
2022-03-20 08:55:17,2022-03-20 09:04:44,32,254,1.5,17.2
2022-03-20 08:50:42,2022-03-20 09:12:41,3,32,1.3,16.2
2022-03-20 08:49:26,2022-03-20 09:23:05,20,47,1.7,18.2
2022-03-20 08:45:43,2022-03-20 09:12:34,235,259,5.7,26.2
2022-03-20 08:43:46,2022-03-20 09:07:26,254,81,1.4,17.2
2022-03-20 09:02:46,2022-03-20 09:04:48,247,247,0.47,3.5
2022-03-20 09:03:39,2022-03-20 09:35:16,167,31,3.6,23.2
2022-03-20 10:44:13,2022-03-20 11:01:47,167,235,2.4,19.2
2022-03-20 10:13:26,2022-03-20 10:30:02,94,69,1.5,18.2
2022-03-20 10:43:06,2022-03-20 11:02:35,69,69,1.6,17.2
2022-03-20 11:15:22,2022-03-20 11:22:44,159,167,0.56,6.0
2022-03-20 11:00:14,2022-03-20 11:27:53,119,254,6.5,28.2
2022-03-20 11:31:28,2022-03-20 11:38:54,119,247,1.28,7.0
2022-03-20 11:07:15,2022-03-20 11:21:00,182,60,1.5,18.2
2022-03-20 11:44:33,2022-03-20 12:00:32,259,32,2.5,23.2
2022-03-20 11:50:24,2022-03-20 12:11:47,168,47,1.7,18.2
2022-03-20 11:46:34,2022-03-20 12:18:32,168,184,8.8,33.2
2022-03-20 11:09:17,2022-03-20 11:53:24,47,213,4.3,23.2
2022-03-20 11:17:50,2022-03-20 11:24:27,254,254,0.3,15.2
2022-03-20 11:41:11,2022-03-20 11:58:57,81,250,3.5,25.2
2022-03-20 11:24:07,2022-03-20 11:37:11,235,18,1.5,17.2
2022-03-20 11:41:24,2022-03-20 12:00:53,47,119,2.2,19.2
2022-03-20 12:15:48,2022-03-20 12:38:28,247,208,8.0,31.2
2022-03-20 12:01:33,2022-03-20 12:27:44,220,78,3.9,30.2
2022-03-20 12:56:39,2022-03-20 13:18:32,241,51,3.7,36.2
2022-03-20 12:21:48,2022-03-20 12:36:46,250,51,2.7,20.2
2022-03-20 12:48:54,2022-03-20 13:13:18,208,248,3.4,21.2
2022-03-20 12:20:23,2022-03-20 12:46:36,220,254,2.1,19.2
2022-03-20 12:18:05,2022-03-20 12:27:05,220,174,1.65,8.0
2022-03-20 12:22:58,2022-03-20 12:42:36,212,167,1.9,18.2
2022-03-20 12:58:52,2022-03-20 13:15:59,119,60,3.2,25.2
2022-03-20 12:59:49,2022-03-20 13:12:53,47,126,1.4,18.2
2022-03-20 12:05:06,2022-03-20 12:32:42,247,241,2.6,19.2
2022-03-20 13:49:34,2022-03-20 14:01:28,60,174,4.38,14.5
2022-03-20 13:33:49,2022-03-20 13:53:33,47,213,2.8,21.2
2022-03-20 13:55:57,2022-03-20 14:15:48,94,213,3.5,23.2
2022-03-20 14:53:42,2022-03-20 15:07:12,235,235,1.47,9.5
2022-03-20 14:03:22,2022-03-20 14:49:31,182,119,5.2,24.2
2022-03-20 14:12:00,2022-03-20 14:54:16,167,208,3.9,24.2
2022-03-20 14:00:37,2022-03-20 14:06:07,247,159,1.17,6.5
2022-03-20 14:08:23,2022-03-20 14:29:04,254,94,2.5,21.2
2022-03-20 14:50:18,2022-03-20 15:05:52,169,126,2.5,20.2
2022-03-20 14:45:36,2022-03-20 15:07:24,174,81,3.0,20.2
2022-03-20 15:51:42,2022-03-20 16:07:24,51,126,6.5,28.2
2022-03-20 15:12:35,2022-03-20 15:34:56,248,47,2.0,20.2
2022-03-20 15:50:20,2022-03-20 16:35:15,241,241,13.06,44.0
2022-03-20 15:32:58,2022-03-20 15:49:50,174,51,3.3,21.2
2022-03-20 15:57:06,2022-03-20 16:17:58,69,147,0.9,16.2
2022-03-20 15:11:58,2022-03-20 15:31:31,254,31,2.5,19.2
2022-03-20 15:39:16,2022-03-20 16:12:03,248,169,2.2,20.2
2022-03-20 15:23:51,2022-03-20 16:00:54,168,208,8.2,31.2
2022-03-20 16:52:39,2022-03-20 17:07:05,235,69,2.07,11.0
2022-03-20 16:51:23,2022-03-20 17:02:51,235,94,0.2,15.2
2022-03-20 16:01:41,2022-03-20 16:27:12,167,213,1.7,18.2
2022-03-20 16:27:44,2022-03-20 17:15:06,47,81,8.2,31.2
2022-03-20 16:15:19,2022-03-20 16:41:26,213,254,5.9,27.2
2022-03-20 17:12:13,2022-03-20 17:24:37,241,94,1.5,17.2
2022-03-20 17:54:21,2022-03-20 18:18:04,213,18,6.4,26.2
2022-03-20 17:11:51,2022-03-20 17:22:54,242,78,1.8,18.2
2022-03-20 17:29:51,2022-03-20 17:54:34,174,212,4.4,25.2
2022-03-20 18:03:15,2022-03-20 18:05:28,167,159,0.4,4.0
2022-03-20 18:41:24,2022-03-20 18:56:53,69,208,5.9,22.2
2022-03-20 18:09:13,2022-03-20 18:31:43,136,119,3.55,16.5
2022-03-20 18:22:32,2022-03-20 18:54:44,247,254,12.7,38.0
2022-03-20 22:56:16,2022-03-20 23:14:39,168,32,7.8,24.0
2022-03-20 23:50:47,2022-03-21 00:02:35,213,32,3.8,14.0
2022-03-21 01:11:51,2022-03-21 01:18:50,126,212,2.1,8.5
2022-03-21 01:27:43,2022-03-21 01:35:00,47,78,1.4,7.0
2022-03-21 02:00:24,2022-03-21 02:14:40,247,78,5.3,17.5
2022-03-21 05:11:53,2022-03-21 05:18:45,168,247,1.3,7.0
2022-03-21 06:37:52,2022-03-21 06:42:28,168,168,0.5,4.5
2022-03-21 06:39:00,2022-03-21 06:51:41,248,47,2.1,18.2
2022-03-21 06:25:41,2022-03-21 06:39:51,169,213,4.14,14.5
2022-03-21 06:04:30,2022-03-21 06:11:10,167,159,1.3,7.0
2022-03-21 07:23:23,2022-03-21 07:49:26,119,254,7.5,31.2
2022-03-21 07:08:55,2022-03-21 07:14:03,159,168,0.7,5.5
2022-03-21 08:29:08,2022-03-21 08:47:54,168,18,7.19,23.5
2022-03-21 09:48:46,2022-03-21 10:17:12,250,174,3.4,24.2
2022-03-21 09:08:54,2022-03-21 09:33:10,185,242,0.5,15.2
2022-03-21 09:21:12,2022-03-21 09:39:00,51,174,2.4,20.2
2022-03-21 10:18:08,2022-03-21 10:45:31,242,212,2.5,21.2
2022-03-21 10:18:45,2022-03-21 10:33:47,20,81,3.62,14.0
2022-03-21 10:57:51,2022-03-21 11:14:21,60,242,4.3,22.2
2022-03-21 11:18:18,2022-03-21 11:32:36,169,69,2.4,11.0
2022-03-21 11:37:04,2022-03-21 12:01:24,69,169,2.8,20.2
2022-03-21 12:16:32,2022-03-21 12:24:36,208,213,1.59,8.0
2022-03-21 13:06:57,2022-03-21 13:15:48,69,168,1.31,8.0
2022-03-21 13:16:22,2022-03-21 13:35:15,51,174,2.9,17.2
2022-03-21 13:15:11,2022-03-21 13:28:41,182,213,2.5,15.2
2022-03-21 13:35:37,2022-03-21 14:10:10,126,241,5.0,24.2
2022-03-21 13:54:22,2022-03-21 14:04:04,60,59,1.0,7.5
2022-03-21 13:09:13,2022-03-21 13:09:34,159,159,0.13,200.0
2022-03-21 14:08:13,2022-03-21 14:13:43,94,169,0.76,5.5
2022-03-21 14:10:00,2022-03-21 14:10:03,185,185,13.0,20.0
2022-03-21 14:12:47,2022-03-21 14:19:39,213,208,1.18,7.0
2022-03-21 14:55:04,2022-03-21 15:45:55,212,147,2.7,19.2
2022-03-21 15:31:39,2022-03-21 16:02:54,254,119,8.1,32.2
2022-03-21 15:03:18,2022-03-21 15:26:01,174,51,2.8,17.2
2022-03-21 15:30:06,2022-03-21 15:49:26,20,174,2.22,14.0
2022-03-21 16:34:09,2022-03-21 16:40:09,247,247,0.47,5.5
2022-03-21 17:52:26,2022-03-21 18:07:25,119,20,2.4,49.2
2022-03-21 18:29:33,2022-03-21 18:37:27,235,94,0.8,15.2
2022-03-21 18:48:44,2022-03-21 19:03:03,94,235,1.5,15.2
2022-03-21 19:10:26,2022-03-21 19:21:52,213,182,1.5,15.2
2022-03-22 00:22:55,2022-03-22 00:39:27,168,18,7.8,23.5
2022-03-22 00:24:56,2022-03-22 00:34:18,136,18,1.53,8.0
2022-03-22 01:12:51,2022-03-22 01:19:39,168,159,0.95,6.0
2022-03-22 06:35:56,2022-03-22 07:12:38,254,168,8.1,32.2
2022-03-22 06:18:15,2022-03-22 06:57:40,248,200,6.5,31.2
2022-03-22 06:30:34,2022-03-22 06:49:09,78,147,1.1,16.2
2022-03-22 06:24:07,2022-03-22 07:06:55,51,69,6.2,38.2
2022-03-22 07:28:47,2022-03-22 07:35:23,69,119,1.21,7.0
2022-03-22 07:17:42,2022-03-22 07:42:42,119,254,7.4,31.2
2022-03-22 07:58:13,2022-03-22 08:18:53,69,247,1.6,17.2
2022-03-22 07:17:43,2022-03-22 07:20:50,208,208,0.5,4.0
2022-03-22 07:42:38,2022-03-22 08:09:51,241,69,3.3,17.2
2022-03-22 08:13:29,2022-03-22 08:24:03,182,185,1.1,15.2
2022-03-22 08:21:40,2022-03-22 08:32:03,69,159,1.2,15.2
2022-03-22 09:11:05,2022-03-22 09:20:20,119,169,1.2,15.2
2022-03-22 10:41:36,2022-03-22 11:07:52,126,174,7.0,20.2
2022-03-22 10:06:13,2022-03-22 10:39:12,51,3,2.0,17.2
2022-03-22 11:18:45,2022-03-22 11:33:29,168,167,2.2,11.0
2022-03-22 11:39:37,2022-03-22 11:42:03,167,167,0.2,3.5
2022-03-22 11:53:32,2022-03-22 12:09:17,254,242,3.5,22.2
2022-03-22 12:55:31,2022-03-22 13:15:20,185,78,2.9,17.2
2022-03-22 13:45:17,2022-03-22 14:01:52,78,182,2.4,17.2
2022-03-22 14:31:30,2022-03-22 14:47:34,47,168,2.12,11.5
2022-03-22 14:49:54,2022-03-22 15:16:28,168,174,6.81,22.0
2022-03-22 14:40:05,2022-03-22 15:05:52,168,18,4.56,19.5
2022-03-22 15:38:26,2022-03-22 15:52:25,32,213,3.9,14.5
2022-03-22 15:21:58,2022-03-22 15:59:19,254,119,8.1,32.2
2022-03-22 15:40:35,2022-03-22 16:19:03,47,254,4.9,22.2
2022-03-22 15:46:48,2022-03-22 16:08:10,242,32,2.94,15.5
2022-03-22 15:21:15,2022-03-22 15:43:46,212,147,2.2,19.2
2022-03-22 16:29:21,2022-03-22 16:43:57,242,254,3.1,21.2
2022-03-22 16:05:36,2022-03-22 16:20:10,174,174,1.77,11.0
2022-03-22 16:08:43,2022-03-22 17:04:33,147,212,2.6,20.2
2022-03-22 18:56:41,2022-03-22 19:04:06,169,18,2.0,8.0
2022-03-22 18:50:55,2022-03-22 19:10:44,254,47,3.3,20.2
2022-03-22 20:47:00,2022-03-22 20:50:17,60,60,0.41,4.0
2022-03-22 21:02:53,2022-03-22 21:17:37,248,136,5.53,17.5
2022-03-22 21:30:37,2022-03-22 21:44:17,213,20,4.1,15.0
2022-03-22 22:58:42,2022-03-22 23:15:40,168,169,5.49,18.5
2022-03-22 22:53:03,2022-03-22 22:58:37,213,208,1.7,7.0
2022-03-23 00:41:13,2022-03-23 00:51:52,168,119,2.3,10.0
2022-03-23 01:10:12,2022-03-23 01:15:17,168,247,0.64,5.5
2022-03-23 06:00:26,2022-03-23 06:24:39,51,213,6.4,38.2
2022-03-23 07:08:13,2022-03-23 07:29:46,250,169,4.0,15.5
2022-03-23 07:16:40,2022-03-23 07:19:34,167,159,0.55,4.0
2022-03-23 07:37:38,2022-03-23 08:04:12,241,69,3.3,18.2
2022-03-23 08:34:23,2022-03-23 09:01:22,47,168,2.0,18.2
2022-03-23 08:39:51,2022-03-23 08:52:16,169,20,1.4,15.2
2022-03-23 08:54:07,2022-03-23 09:05:39,20,169,1.4,15.2
2022-03-23 09:10:34,2022-03-23 09:23:10,235,235,0.7,16.2
2022-03-23 09:03:20,2022-03-23 09:17:14,18,174,0.9,16.2
2022-03-23 10:17:16,2022-03-23 10:32:07,241,174,1.42,8.5
2022-03-23 10:03:01,2022-03-23 10:30:58,69,147,0.9,16.2
2022-03-23 10:48:15,2022-03-23 11:03:14,168,136,5.7,24.2
2022-03-23 10:04:24,2022-03-23 10:17:40,168,169,3.8,18.2
2022-03-23 10:25:53,2022-03-23 10:44:46,169,3,4.8,18.2
2022-03-23 10:58:39,2022-03-23 11:14:29,32,241,2.9,17.2
2022-03-23 10:07:30,2022-03-23 10:33:24,32,242,2.1,18.2
2022-03-23 11:25:25,2022-03-23 12:00:49,241,159,4.5,20.2
2022-03-23 11:45:28,2022-03-23 12:05:23,174,254,1.5,18.2
2022-03-23 12:32:34,2022-03-23 13:26:34,212,119,3.7,27.2
2022-03-23 12:52:29,2022-03-23 12:58:02,220,220,1.2,6.0
2022-03-23 12:40:47,2022-03-23 13:26:56,242,32,1.7,18.2
2022-03-23 13:42:03,2022-03-23 14:02:03,169,47,0.8,16.2
2022-03-23 13:29:44,2022-03-23 13:40:11,51,242,3.1,24.2
2022-03-23 13:04:54,2022-03-23 13:16:28,212,242,1.1,18.2
2022-03-23 13:49:27,2022-03-23 14:06:38,259,241,3.6,27.2
2022-03-23 13:28:31,2022-03-23 13:38:17,242,182,0.9,15.2
2022-03-23 13:11:28,2022-03-23 13:33:41,174,69,3.6,22.2
2022-03-23 14:33:28,2022-03-23 15:02:25,60,174,2.74,19.0
2022-03-23 14:14:04,2022-03-23 14:21:38,248,213,1.45,7.0
2022-03-23 14:22:52,2022-03-23 15:02:38,174,69,4.57,25.5
2022-03-23 15:10:39,2022-03-23 15:58:58,254,119,8.2,32.2
2022-03-23 15:58:55,2022-03-23 16:09:45,247,159,1.12,8.5
2022-03-23 16:09:40,2022-03-23 16:41:05,126,3,6.98,26.0
2022-03-23 18:38:04,2022-03-23 18:59:26,20,119,2.5,15.2
2022-03-23 19:46:42,2022-03-23 19:48:33,147,147,0.36,3.5
2022-03-23 21:06:52,2022-03-23 21:16:34,220,200,1.43,8.5
2022-03-23 21:44:01,2022-03-23 22:03:34,240,60,4.67,16.0
2022-03-23 23:34:40,2022-03-23 23:51:48,78,213,3.3,14.0
2022-03-23 23:02:49,2022-03-23 23:05:13,168,159,0.29,40.0
2022-03-23 23:57:01,2022-03-24 00:00:02,242,242,0.45,4.0
2022-03-23 23:59:17,2022-03-24 00:14:03,254,169,3.65,14.0
2022-03-24 06:09:26,2022-03-24 06:54:02,51,167,8.3,38.2
2022-03-24 07:13:49,2022-03-24 07:30:32,168,58,8.3,24.5
2022-03-24 07:03:46,2022-03-24 07:40:27,119,254,7.7,31.2
2022-03-24 07:40:53,2022-03-24 07:50:31,220,200,1.3,8.0
2022-03-24 07:53:54,2022-03-24 08:18:25,69,174,7.1,25.5
2022-03-24 07:37:55,2022-03-24 08:04:47,241,69,3.3,18.2
2022-03-24 08:41:49,2022-03-24 09:05:35,81,78,2.9,21.2
2022-03-24 08:21:26,2022-03-24 08:47:20,78,174,2.5,19.2
2022-03-24 08:24:15,2022-03-24 08:59:42,241,242,5.5,27.2
2022-03-24 09:13:38,2022-03-24 09:33:31,78,159,1.9,15.2
2022-03-24 09:11:14,2022-03-24 09:15:44,247,247,0.35,4.5
2022-03-24 09:07:46,2022-03-24 09:18:57,182,185,1.0,15.2
2022-03-24 10:24:02,2022-03-24 10:48:43,259,18,3.1,63.2
2022-03-24 10:23:56,2022-03-24 10:41:35,69,159,0.5,26.2
2022-03-24 11:06:47,2022-03-24 11:17:31,167,168,1.16,8.5
2022-03-24 11:19:42,2022-03-24 11:34:20,254,242,2.8,22.2
2022-03-24 11:42:00,2022-03-24 11:53:40,81,174,1.9,15.2
2022-03-24 12:49:47,2022-03-24 13:13:04,69,168,1.2,17.2
2022-03-24 12:52:15,2022-03-24 12:54:42,18,18,0.4,3.5
2022-03-24 12:42:08,2022-03-24 13:33:25,3,247,7.4,30.2
2022-03-24 13:19:54,2022-03-24 13:54:40,51,212,3.2,24.2
2022-03-24 13:07:52,2022-03-24 13:42:02,159,235,2.1,19.2
2022-03-24 13:56:29,2022-03-24 14:06:16,51,51,2.4,19.2
2022-03-24 13:05:46,2022-03-24 13:18:31,18,20,1.24,9.0
2022-03-24 14:25:38,2022-03-24 14:54:51,174,213,4.5,25.2
2022-03-24 14:50:44,2022-03-24 15:17:45,47,213,2.9,17.5
2022-03-24 14:07:47,2022-03-24 14:23:39,18,174,0.8,16.2
2022-03-24 14:06:37,2022-03-24 14:20:17,51,46,3.9,23.2
2022-03-24 16:32:24,2022-03-24 17:24:46,147,212,2.3,20.2
2022-03-24 16:10:35,2022-03-24 16:36:59,242,240,3.2,21.2
2022-03-24 19:45:22,2022-03-24 20:07:30,69,51,8.0,28.2
2022-03-24 23:52:23,2022-03-24 23:59:11,159,168,1.08,6.5
2022-03-25 02:03:35,2022-03-25 02:04:49,247,247,0.32,10.0
2022-03-25 04:43:49,2022-03-25 04:55:58,247,167,4.5,16.0
2022-03-25 04:59:02,2022-03-25 05:28:04,159,182,6.21,22.0
2022-03-25 04:40:58,2022-03-25 04:44:11,119,119,0.52,4.0
2022-03-25 05:36:21,2022-03-25 05:50:09,250,18,4.78,15.5
2022-03-25 06:13:48,2022-03-25 06:49:59,51,69,8.0,38.2
2022-03-25 07:03:45,2022-03-25 07:42:44,119,254,7.6,31.2
2022-03-25 07:42:12,2022-03-25 08:08:13,241,69,3.5,17.2
2022-03-25 09:06:59,2022-03-25 09:19:23,250,242,1.5,15.2
2022-03-25 09:40:34,2022-03-25 09:55:00,254,32,2.9,12.2
2022-03-25 09:33:29,2022-03-25 09:53:23,126,242,3.1,17.2
2022-03-25 10:26:03,2022-03-25 10:45:46,147,3,4.6,27.2
2022-03-25 10:36:36,2022-03-25 10:55:29,136,32,2.8,19.2
2022-03-25 10:18:19,2022-03-25 10:28:21,136,168,5.0,49.2
2022-03-25 10:38:13,2022-03-25 11:01:59,47,242,3.7,28.2
2022-03-25 10:08:53,2022-03-25 10:25:23,259,183,3.2,20.2
2022-03-25 10:57:53,2022-03-25 11:21:30,242,174,4.2,18.2
2022-03-25 10:42:38,2022-03-25 11:20:20,119,47,0.9,16.2
2022-03-25 11:07:32,2022-03-25 11:22:36,213,168,3.7,28.2
2022-03-25 11:09:02,2022-03-25 11:18:54,250,182,1.3,8.0
2022-03-25 11:21:13,2022-03-25 11:29:24,242,182,0.7,15.2
2022-03-25 12:40:13,2022-03-25 12:55:53,3,213,3.6,23.2
2022-03-25 12:49:17,2022-03-25 13:02:10,169,174,2.5,20.2
2022-03-25 12:49:22,2022-03-25 13:04:33,208,51,3.11,13.5
2022-03-25 13:56:29,2022-03-25 14:18:39,182,32,2.4,18.2
2022-03-25 14:17:04,2022-03-25 14:40:17,213,213,0.9,16.2
2022-03-25 14:41:47,2022-03-25 14:45:40,213,213,1.4,6.0
2022-03-25 14:10:36,2022-03-25 14:14:03,167,69,0.23,4.0
2022-03-25 16:05:19,2022-03-25 16:28:29,168,119,2.3,15.0
2022-03-25 17:46:23,2022-03-25 18:03:31,18,220,2.3,12.5
2022-03-25 18:09:15,2022-03-25 18:30:54,159,78,2.7,14.5
2022-03-25 19:15:54,2022-03-25 19:28:34,78,182,2.89,12.5
2022-03-25 20:23:52,2022-03-25 20:44:34,159,235,3.15,14.5
2022-03-25 21:40:43,2022-03-25 21:50:16,119,168,2.2,10.0
2022-03-25 22:57:14,2022-03-25 23:16:13,235,254,4.25,16.0
2022-03-25 23:02:26,2022-03-25 23:06:02,254,254,0.67,4.5
2022-03-25 22:40:25,2022-03-25 22:40:55,136,241,0.4,3.5
2022-03-26 00:36:52,2022-03-26 00:53:09,167,183,6.07,19.0
2022-03-26 00:32:08,2022-03-26 00:35:00,200,220,0.8,4.5
2022-03-26 01:12:51,2022-03-26 01:37:06,159,254,8.27,26.0
2022-03-26 06:33:28,2022-03-26 06:42:35,169,247,2.62,10.0
2022-03-26 06:57:46,2022-03-26 07:21:42,212,69,3.4,22.2
2022-03-26 06:08:45,2022-03-26 06:24:22,167,78,2.1,18.2
2022-03-26 06:59:51,2022-03-26 07:25:37,136,51,4.7,37.2
2022-03-26 07:55:34,2022-03-26 08:07:13,168,167,2.32,10.5
2022-03-26 07:43:02,2022-03-26 07:56:46,78,51,6.8,22.2
2022-03-26 07:49:37,2022-03-26 08:11:44,182,174,4.1,23.2
2022-03-26 07:39:34,2022-03-26 08:18:00,51,242,3.3,20.2
2022-03-26 07:45:37,2022-03-26 08:15:27,51,81,2.2,18.2
2022-03-26 08:15:27,2022-03-26 08:51:11,213,81,4.7,28.2
2022-03-26 08:15:39,2022-03-26 08:33:14,242,212,1.8,17.2
2022-03-26 08:30:13,2022-03-26 08:43:07,94,18,1.3,18.2
2022-03-26 08:59:21,2022-03-26 09:34:39,220,213,8.4,34.2
2022-03-26 08:53:34,2022-03-26 09:14:07,241,200,3.3,22.2
2022-03-26 08:30:21,2022-03-26 08:50:29,81,32,1.9,18.2
2022-03-26 09:31:51,2022-03-26 09:58:17,213,235,7.5,30.2
2022-03-26 09:13:48,2022-03-26 09:33:24,212,126,2.1,20.2
2022-03-26 09:16:51,2022-03-26 09:40:09,200,208,9.7,36.2
2022-03-26 09:12:09,2022-03-26 09:35:46,51,174,4.5,24.2
2022-03-26 09:54:42,2022-03-26 10:13:50,235,208,5.3,33.2
2022-03-26 09:07:44,2022-03-26 09:34:08,51,78,3.6,29.2
2022-03-26 09:02:02,2022-03-26 09:20:39,81,174,2.3,18.2
2022-03-26 09:29:13,2022-03-26 09:52:54,136,168,4.7,24.2
2022-03-26 09:47:22,2022-03-26 10:18:40,183,126,4.3,24.2
2022-03-26 10:19:57,2022-03-26 10:29:30,69,247,1.3,20.2
2022-03-26 10:46:58,2022-03-26 10:58:16,174,136,1.9,18.2
2022-03-26 10:48:38,2022-03-26 11:33:27,213,167,2.0,20.2
2022-03-26 11:37:10,2022-03-26 11:54:35,247,159,1.4,15.2
2022-03-26 11:41:43,2022-03-26 11:50:21,159,119,1.3,18.2
2022-03-26 11:31:31,2022-03-26 12:03:03,182,168,3.8,23.2
2022-03-26 11:26:21,2022-03-26 11:44:05,220,136,1.4,17.2
2022-03-26 11:53:56,2022-03-26 12:13:01,18,213,3.6,22.2
2022-03-26 11:18:10,2022-03-26 11:32:43,254,242,4.8,22.2
2022-03-26 11:47:48,2022-03-26 12:00:34,254,81,1.4,17.2
2022-03-26 11:30:02,2022-03-26 12:01:20,220,47,3.3,23.2
2022-03-26 11:40:49,2022-03-26 12:25:04,167,46,8.4,32.2
2022-03-26 11:33:47,2022-03-26 11:44:01,119,247,1.3,15.2
2022-03-26 12:10:32,2022-03-26 12:20:37,250,213,1.2,17.2
2022-03-26 12:37:47,2022-03-26 12:56:40,51,81,1.5,19.2
2022-03-26 12:05:01,2022-03-26 12:12:09,69,69,1.1,25.2
2022-03-26 12:23:55,2022-03-26 12:42:42,126,183,4.6,24.2
2022-03-26 11:58:28,2022-03-26 12:16:48,250,32,2.99,12.5
2022-03-26 12:14:48,2022-03-26 12:33:55,119,213,4.0,18.2
2022-03-26 12:39:25,2022-03-26 12:52:26,213,51,4.8,20.2
2022-03-26 12:14:22,2022-03-26 12:28:23,32,185,1.0,16.2
2022-03-26 13:18:07,2022-03-26 13:54:42,250,136,3.7,22.2
2022-03-26 13:22:08,2022-03-26 13:30:13,212,248,1.3,20.2
2022-03-26 13:51:03,2022-03-26 14:34:37,212,174,4.3,24.2
2022-03-26 13:03:31,2022-03-26 13:21:13,119,168,2.9,17.2
2022-03-26 13:35:45,2022-03-26 13:49:22,168,119,2.7,17.2
2022-03-26 13:57:14,2022-03-26 14:08:45,235,247,0.7,15.2
2022-03-26 13:29:26,2022-03-26 13:31:05,167,247,0.3,3.5
2022-03-26 14:26:17,2022-03-26 14:49:44,250,78,2.3,20.2
2022-03-26 14:18:26,2022-03-26 14:48:40,213,51,4.4,25.2
2022-03-26 14:16:13,2022-03-26 14:31:21,174,51,2.7,20.2
2022-03-26 14:09:56,2022-03-26 14:34:31,46,60,5.1,29.2
2022-03-26 14:48:58,2022-03-26 15:24:19,147,235,2.1,20.2
2022-03-26 14:06:59,2022-03-26 14:34:06,242,200,7.2,31.2
2022-03-26 14:51:25,2022-03-26 15:14:29,167,60,0.5,15.2
2022-03-26 14:05:30,2022-03-26 14:31:12,3,47,6.7,28.2
2022-03-26 14:36:24,2022-03-26 15:09:00,47,213,2.9,21.2
2022-03-26 14:14:50,2022-03-26 15:00:37,167,51,8.4,34.2
2022-03-26 14:39:05,2022-03-26 14:43:19,168,168,0.65,5.0
2022-03-26 14:03:47,2022-03-26 14:35:26,51,213,8.0,22.2
2022-03-26 14:50:17,2022-03-26 15:24:28,213,119,4.1,24.2
2022-03-26 14:25:56,2022-03-26 14:53:19,32,51,2.1,20.2
2022-03-26 15:43:44,2022-03-26 15:47:03,200,200,0.4,4.0
2022-03-26 15:02:58,2022-03-26 15:24:31,213,69,2.4,20.2
2022-03-26 15:15:15,2022-03-26 15:35:27,235,247,2.0,20.2
2022-03-26 15:22:35,2022-03-26 15:54:56,174,159,6.9,27.2
2022-03-26 15:06:57,2022-03-26 15:26:35,250,81,4.2,26.2
2022-03-26 15:55:31,2022-03-26 16:23:24,136,185,3.1,26.2
2022-03-26 15:25:03,2022-03-26 15:34:10,147,126,0.2,15.2
2022-03-26 15:13:06,2022-03-26 15:22:25,32,81,1.6,18.2
2022-03-26 15:53:30,2022-03-26 16:36:11,81,147,5.6,30.2
2022-03-26 16:07:18,2022-03-26 16:20:02,78,94,1.62,10.0
2022-03-26 16:36:36,2022-03-26 17:09:23,136,250,4.48,22.5
2022-03-26 16:04:07,2022-03-26 16:10:38,126,147,0.4,15.2
2022-03-26 16:30:19,2022-03-26 16:47:38,250,147,3.5,23.2
2022-03-26 16:09:40,2022-03-26 16:33:10,18,168,4.6,30.2
2022-03-26 16:46:11,2022-03-26 16:57:54,242,254,2.2,21.2
2022-03-26 16:00:18,2022-03-26 16:20:44,213,18,3.6,24.2
2022-03-26 16:37:04,2022-03-26 16:51:16,185,212,2.3,22.2
2022-03-26 16:54:40,2022-03-26 17:21:10,20,159,5.1,27.2
2022-03-26 16:06:32,2022-03-26 16:26:26,241,119,3.0,17.2
2022-03-26 16:56:25,2022-03-26 17:15:13,159,60,1.6,17.2
2022-03-26 17:03:53,2022-03-26 17:32:04,213,51,4.0,23.2
2022-03-26 17:07:04,2022-03-26 17:29:07,254,235,5.1,32.2
2022-03-26 17:10:19,2022-03-26 17:39:52,208,78,3.9,25.2
2022-03-26 17:30:44,2022-03-26 17:51:23,168,136,4.9,24.2
2022-03-26 17:31:47,2022-03-26 17:54:34,94,69,3.0,20.2
2022-03-26 18:30:53,2022-03-26 18:49:27,247,126,3.41,15.0
2022-03-26 18:24:04,2022-03-26 18:38:37,167,168,1.9,18.2
2022-03-26 18:59:52,2022-03-26 19:19:40,81,235,7.9,30.2
2022-03-26 18:11:04,2022-03-26 18:33:48,247,235,3.0,20.2
2022-03-26 18:43:15,2022-03-26 18:51:13,235,119,0.8,16.2
2022-03-26 18:11:44,2022-03-26 18:32:56,51,174,3.1,25.2
2022-03-26 19:33:30,2022-03-26 19:59:55,51,126,7.5,30.2
2022-03-26 23:32:07,2022-03-26 23:42:31,159,69,1.9,9.0
2022-03-27 00:02:04,2022-03-27 00:10:18,242,182,1.27,7.5
2022-03-27 00:22:42,2022-03-27 00:28:55,136,94,1.04,6.5
2022-03-27 00:35:14,2022-03-27 00:39:02,169,78,1.01,5.5
2022-03-27 00:37:25,2022-03-27 00:42:27,248,248,0.82,5.0
2022-03-27 00:31:07,2022-03-27 00:45:08,51,248,7.0,21.0
2022-03-27 00:46:06,2022-03-27 00:52:52,248,60,1.1,6.5
2022-03-27 01:43:59,2022-03-27 01:50:15,168,69,2.13,8.5
2022-03-27 01:04:20,2022-03-27 01:11:25,159,159,1.0,6.5
2022-03-27 05:27:28,2022-03-27 05:28:09,168,168,5.8,19.0
2022-03-27 06:47:17,2022-03-27 06:51:34,47,167,1.0,5.5
2022-03-27 07:11:21,2022-03-27 07:37:31,235,235,0.9,16.2
2022-03-27 07:32:56,2022-03-27 07:46:36,159,241,4.4,23.2
2022-03-27 08:19:19,2022-03-27 08:34:47,235,208,9.3,30.2
2022-03-27 08:42:26,2022-03-27 08:48:06,168,69,1.54,7.0
2022-03-27 08:28:37,2022-03-27 08:36:20,159,119,1.76,8.0
2022-03-27 08:44:56,2022-03-27 08:52:03,69,167,1.77,7.5
2022-03-27 08:47:37,2022-03-27 08:59:02,69,47,2.2,10.0
2022-03-27 08:42:45,2022-03-27 08:59:40,213,94,4.2,24.2
2022-03-27 08:10:10,2022-03-27 08:12:19,247,247,0.33,3.5
2022-03-27 09:18:28,2022-03-27 09:36:55,168,78,5.83,20.0
2022-03-27 09:49:21,2022-03-27 09:52:57,167,159,0.7,5.0
2022-03-27 08:49:42,2022-03-27 08:58:38,159,69,1.44,8.0
2022-03-27 09:08:53,2022-03-27 09:21:08,147,69,1.0,16.2
2022-03-27 09:50:11,2022-03-27 10:23:33,182,167,2.6,19.2
2022-03-27 09:32:10,2022-03-27 09:47:43,248,212,0.9,16.2
2022-03-27 09:24:10,2022-03-27 09:52:14,167,248,2.5,19.2
2022-03-27 09:44:12,2022-03-27 10:16:11,241,241,1.3,17.2
2022-03-27 09:55:27,2022-03-27 10:07:33,235,69,1.8,17.2
2022-03-27 10:51:06,2022-03-27 10:54:04,159,159,0.43,4.0
2022-03-27 10:01:19,2022-03-27 10:18:01,51,212,4.9,24.2
2022-03-27 10:52:40,2022-03-27 11:17:50,247,240,6.0,27.2
2022-03-27 10:33:53,2022-03-27 10:44:21,220,174,4.68,15.0
2022-03-27 10:28:37,2022-03-27 10:55:00,94,168,3.4,27.2
2022-03-27 10:19:19,2022-03-27 10:59:48,168,147,2.0,17.2
2022-03-27 11:10:21,2022-03-27 11:16:17,159,167,0.56,5.0
2022-03-27 11:00:30,2022-03-27 11:47:10,242,213,2.5,20.2
2022-03-27 11:59:30,2022-03-27 12:10:45,32,254,1.4,17.2
2022-03-27 11:17:57,2022-03-27 11:39:07,47,60,1.2,17.2
2022-03-27 12:03:50,2022-03-27 12:27:46,51,254,6.0,27.2
2022-03-27 12:33:00,2022-03-27 13:09:02,167,259,5.4,31.2
2022-03-27 12:54:50,2022-03-27 13:09:16,78,242,1.7,18.2
2022-03-27 12:35:23,2022-03-27 13:14:47,167,169,2.3,18.2
2022-03-27 12:49:51,2022-03-27 12:54:59,212,248,0.7,15.2
2022-03-27 12:01:30,2022-03-27 12:14:53,213,167,2.1,19.2
2022-03-27 13:02:12,2022-03-27 13:21:25,159,69,0.4,15.2
2022-03-27 13:32:31,2022-03-27 13:35:44,20,20,0.5,4.0
2022-03-27 13:09:58,2022-03-27 13:26:34,254,182,5.9,27.2
2022-03-27 13:37:03,2022-03-27 13:59:42,250,213,1.9,19.2
2022-03-27 13:45:54,2022-03-27 13:58:29,47,119,1.7,17.2
2022-03-27 13:20:49,2022-03-27 13:44:23,47,213,3.9,23.2
2022-03-27 13:25:09,2022-03-27 13:32:07,69,159,0.6,16.2
2022-03-27 13:57:14,2022-03-27 14:11:55,169,212,2.1,20.2
2022-03-27 13:14:24,2022-03-27 13:59:18,94,213,3.9,24.2
2022-03-27 13:51:59,2022-03-27 14:15:00,248,47,1.8,19.2
2022-03-27 13:24:16,2022-03-27 13:47:35,20,69,2.7,20.2
2022-03-27 14:14:19,2022-03-27 14:42:31,208,69,5.4,28.2
2022-03-27 14:06:02,2022-03-27 14:19:56,119,169,1.8,18.2
2022-03-27 14:37:46,2022-03-27 14:54:39,247,167,1.5,18.2
2022-03-27 14:05:40,2022-03-27 14:49:44,247,235,2.6,21.2
2022-03-27 15:08:18,2022-03-27 15:38:24,168,81,6.3,34.2
2022-03-27 15:11:05,2022-03-27 15:27:33,78,78,0.8,19.2
2022-03-27 15:16:16,2022-03-27 15:53:41,167,32,5.5,26.2
2022-03-27 15:26:54,2022-03-27 15:45:19,60,69,1.3,18.2
2022-03-27 15:37:58,2022-03-27 15:58:41,182,183,1.6,18.2
2022-03-27 16:33:06,2022-03-27 16:35:04,168,168,0.4,3.5
2022-03-27 18:27:10,2022-03-27 18:49:56,242,147,4.0,24.2
2022-03-27 19:51:09,2022-03-27 19:55:00,167,159,0.62,4.5
2022-03-28 00:46:21,2022-03-28 01:01:58,119,60,6.8,21.0
2022-03-28 02:29:24,2022-03-28 02:49:26,247,248,3.5,16.0
2022-03-28 06:16:35,2022-03-28 07:04:25,51,69,8.7,38.2
2022-03-28 07:55:13,2022-03-28 08:20:20,69,242,9.13,28.5
2022-03-28 07:22:20,2022-03-28 07:47:24,119,254,7.5,31.2
2022-03-28 07:16:40,2022-03-28 07:44:19,159,18,4.98,21.5
2022-03-28 07:59:32,2022-03-28 08:01:20,247,247,0.59,3.5
2022-03-28 07:41:45,2022-03-28 08:07:43,241,69,3.3,17.2
2022-03-28 08:36:46,2022-03-28 08:55:02,126,242,3.1,17.2
2022-03-28 09:22:20,2022-03-28 09:46:36,248,242,2.9,21.2
2022-03-28 10:06:40,2022-03-28 10:25:59,147,248,2.0,20.2
2022-03-28 11:21:12,2022-03-28 12:00:07,174,182,4.5,18.2
2022-03-28 11:47:35,2022-03-28 12:35:11,242,169,3.7,26.2
2022-03-28 11:52:53,2022-03-28 12:11:36,169,78,1.4,18.2
2022-03-28 12:01:11,2022-03-28 12:24:49,242,147,3.8,20.2
2022-03-28 12:49:58,2022-03-28 13:31:59,169,174,2.5,19.2
2022-03-28 13:26:07,2022-03-28 14:00:54,242,254,2.7,20.2
2022-03-28 15:18:22,2022-03-28 15:42:20,212,147,2.5,19.2
2022-03-28 16:30:21,2022-03-28 16:36:02,220,220,0.78,5.5
2022-03-28 17:19:53,2022-03-28 17:21:39,168,168,0.4,3.5
2022-03-28 18:39:15,2022-03-28 18:42:55,69,159,0.69,4.5
2022-03-28 18:17:09,2022-03-28 18:42:27,119,254,7.17,23.0
2022-03-28 21:25:00,2022-03-28 21:29:31,69,47,0.88,5.5
2022-03-28 21:30:13,2022-03-28 21:39:30,212,242,1.6,8.0
2022-03-28 23:27:04,2022-03-28 23:28:51,60,60,0.18,3.5
2022-03-29 05:19:39,2022-03-29 05:43:38,69,254,6.3,28.2
2022-03-29 06:11:56,2022-03-29 06:50:56,51,60,7.0,38.2
2022-03-29 07:28:58,2022-03-29 07:39:40,168,69,1.42,8.5
2022-03-29 07:06:47,2022-03-29 07:36:50,119,254,7.5,31.2
2022-03-29 07:45:02,2022-03-29 07:48:15,208,208,0.49,4.0
2022-03-29 07:40:46,2022-03-29 08:04:45,241,69,3.4,17.2
2022-03-29 09:52:53,2022-03-29 09:56:27,240,254,0.6,4.5
2022-03-29 09:02:59,2022-03-29 09:19:35,213,168,4.14,15.0
2022-03-29 09:40:46,2022-03-29 09:56:14,168,60,3.14,13.5
2022-03-29 09:58:32,2022-03-29 10:04:21,208,242,1.3,6.0
2022-03-29 11:21:50,2022-03-29 11:38:29,254,242,4.9,22.2
2022-03-29 12:43:55,2022-03-29 13:08:08,174,81,1.8,19.2
2022-03-29 12:26:32,2022-03-29 12:41:24,168,69,4.29,15.5
2022-03-29 12:16:59,2022-03-29 12:35:48,168,147,2.67,14.0
2022-03-29 12:39:54,2022-03-29 12:57:07,220,200,3.1,14.0
2022-03-29 12:21:56,2022-03-29 12:41:31,47,159,1.7,13.0
2022-03-29 13:50:35,2022-03-29 14:12:48,81,182,3.1,20.2
2022-03-29 14:01:59,2022-03-29 14:18:21,247,247,1.8,11.5
2022-03-29 14:35:49,2022-03-29 15:04:08,168,3,11.25,34.0
2022-03-29 15:25:26,2022-03-29 15:51:29,212,147,2.5,19.2
2022-03-29 15:41:01,2022-03-29 16:08:15,81,241,3.9,19.5
2022-03-29 15:31:50,2022-03-29 15:57:50,254,119,5.2,32.2
2022-03-29 16:35:13,2022-03-29 16:48:02,213,126,0.73,9.0
2022-03-29 16:40:37,2022-03-29 16:54:40,174,220,1.8,10.5
2022-03-29 18:53:18,2022-03-29 18:58:28,220,241,0.4,15.2
2022-03-29 18:19:33,2022-03-29 18:59:14,119,51,6.3,26.2
2022-03-29 19:16:25,2022-03-29 19:33:17,168,168,2.69,13.0
2022-03-29 21:32:57,2022-03-29 21:44:21,168,182,4.4,15.0
2022-03-29 21:00:04,2022-03-29 21:10:27,31,136,1.97,9.0
2022-03-29 21:29:49,2022-03-29 21:42:11,200,18,3.17,12.0
2022-03-29 21:49:56,2022-03-29 21:56:20,126,213,1.13,6.5
2022-03-29 22:49:07,2022-03-29 22:50:18,136,235,1.09,5.0
2022-03-29 23:12:02,2022-03-29 23:25:30,136,20,2.19,10.5
2022-03-30 00:23:02,2022-03-30 00:26:49,168,168,0.7,5.0
2022-03-30 00:36:34,2022-03-30 00:37:15,147,147,2.0,40.0
2022-03-30 06:42:38,2022-03-30 06:54:45,168,168,2.5,11.0
2022-03-30 06:59:26,2022-03-30 07:07:04,168,168,1.3,7.0
2022-03-30 06:12:23,2022-03-30 07:07:39,51,69,8.6,38.2
2022-03-30 07:35:48,2022-03-30 07:56:01,235,60,3.55,16.5
2022-03-30 08:29:21,2022-03-30 09:02:43,235,242,3.4,24.2
2022-03-30 08:55:14,2022-03-30 09:14:35,126,159,1.9,21.2
2022-03-30 08:10:57,2022-03-30 09:11:31,78,159,2.9,21.2
2022-03-30 08:48:19,2022-03-30 09:16:16,248,136,0.2,25.2
2022-03-30 08:28:30,2022-03-30 08:55:07,3,168,7.4,30.2
2022-03-30 08:15:17,2022-03-30 08:42:20,69,213,3.9,18.2
2022-03-30 09:53:09,2022-03-30 10:06:04,242,250,1.0,17.2
2022-03-30 09:37:26,2022-03-30 09:48:07,259,254,1.0,16.2
2022-03-30 09:55:39,2022-03-30 10:23:30,51,254,3.3,21.2
2022-03-30 09:19:02,2022-03-30 09:45:22,220,250,7.5,28.2
2022-03-30 09:11:57,2022-03-30 09:52:40,32,159,6.2,32.2
2022-03-30 10:35:50,2022-03-30 10:41:28,213,248,1.29,6.5
2022-03-30 10:03:21,2022-03-30 10:24:10,242,235,4.2,18.2
2022-03-30 10:58:26,2022-03-30 11:09:09,159,167,0.7,15.2
2022-03-30 10:56:32,2022-03-30 11:07:34,213,250,1.4,18.2
2022-03-30 11:01:19,2022-03-30 11:23:18,174,212,3.9,18.2
2022-03-30 11:39:34,2022-03-30 12:21:52,212,147,2.6,19.2
2022-03-30 11:11:49,2022-03-30 11:25:05,32,242,1.6,19.2
2022-03-30 13:31:37,2022-03-30 14:00:23,159,31,3.7,24.2
2022-03-30 13:00:49,2022-03-30 13:16:22,212,119,3.6,27.2
2022-03-30 13:41:10,2022-03-30 14:00:39,212,242,2.6,27.2
2022-03-30 13:15:19,2022-03-30 14:34:28,51,235,6.1,27.2
2022-03-30 13:36:30,2022-03-30 14:11:37,242,47,3.2,22.2
2022-03-30 13:24:43,2022-03-30 13:36:27,81,51,0.4,15.2
2022-03-30 14:39:06,2022-03-30 14:53:35,18,78,0.9,16.2
2022-03-30 14:22:58,2022-03-30 15:19:05,208,247,8.0,29.2
2022-03-30 16:41:51,2022-03-30 17:03:30,78,235,2.5,17.2
2022-03-30 17:29:33,2022-03-30 17:35:31,69,69,1.2,6.0
2022-03-30 18:35:27,2022-03-30 19:01:54,200,242,15.17,42.5
2022-03-30 18:18:28,2022-03-30 18:18:35,213,213,0.27,50.0
2022-03-30 19:29:45,2022-03-30 19:47:38,185,159,5.92,20.0
2022-03-30 21:19:50,2022-03-30 21:22:28,51,81,0.3,4.0
2022-03-30 23:42:43,2022-03-31 00:00:10,168,250,7.73,23.5
2022-03-31 00:13:02,2022-03-31 00:20:16,47,247,1.35,7.0
2022-03-31 01:27:25,2022-03-31 01:41:37,247,213,5.06,17.0
2022-03-31 02:08:59,2022-03-31 02:13:13,168,168,1.06,5.5
2022-03-31 04:22:00,2022-03-31 04:29:12,18,136,1.34,6.5
2022-03-31 04:19:24,2022-03-31 04:29:44,136,213,6.08,18.0
2022-03-31 06:10:39,2022-03-31 06:44:50,168,169,6.9,24.5
2022-03-31 06:38:16,2022-03-31 07:18:47,51,69,6.0,38.2
2022-03-31 07:23:44,2022-03-31 07:36:34,168,136,4.64,16.5
2022-03-31 07:49:38,2022-03-31 08:00:07,235,241,2.11,9.5
2022-03-31 08:05:20,2022-03-31 08:25:01,247,168,0.75,12.5
2022-03-31 08:36:45,2022-03-31 08:57:40,235,60,4.23,16.5
2022-03-31 08:37:29,2022-03-31 08:52:48,208,242,2.4,19.2
2022-03-31 08:19:04,2022-03-31 08:40:35,174,169,2.7,20.2
2022-03-31 08:45:59,2022-03-31 09:07:18,78,81,4.0,31.2
2022-03-31 09:57:33,2022-03-31 10:03:06,136,235,1.36,6.5
2022-03-31 09:08:26,2022-03-31 09:37:27,213,3,4.1,24.2
2022-03-31 09:21:33,2022-03-31 09:53:13,3,242,1.7,18.2
2022-03-31 09:57:43,2022-03-31 10:32:38,51,3,2.1,17.2
2022-03-31 10:38:02,2022-03-31 11:19:22,259,242,3.0,23.2
2022-03-31 10:02:17,2022-03-31 10:23:00,168,60,2.18,13.5
2022-03-31 10:04:05,2022-03-31 11:13:31,254,32,2.9,18.2
2022-03-31 10:43:49,2022-03-31 11:11:06,69,242,4.3,38.2
2022-03-31 10:22:52,2022-03-31 10:38:24,119,20,2.2,15.2
2022-03-31 11:55:45,2022-03-31 12:23:45,174,167,3.4,22.2
2022-03-31 11:47:24,2022-03-31 11:53:45,159,247,0.5,5.5
2022-03-31 11:54:20,2022-03-31 12:35:54,235,213,4.3,30.2
2022-03-31 11:48:18,2022-03-31 11:54:47,242,208,1.3,6.5
2022-03-31 11:20:00,2022-03-31 11:35:24,254,242,4.7,22.2
2022-03-31 11:52:10,2022-03-31 12:11:07,32,20,2.1,18.2
2022-03-31 12:32:22,2022-03-31 13:22:08,51,69,9.5,39.0
2022-03-31 13:17:47,2022-03-31 13:22:53,254,174,0.6,5.0
2022-03-31 13:27:43,2022-03-31 13:48:12,51,174,3.0,17.2
2022-03-31 13:00:08,2022-03-31 13:12:42,242,242,1.9,46.2
2022-03-31 13:23:43,2022-03-31 13:56:48,147,220,4.8,20.2
2022-03-31 13:44:44,2022-03-31 13:52:23,185,182,1.1,15.2
2022-03-31 15:18:37,2022-03-31 15:48:21,212,147,2.4,19.2
2022-03-31 16:36:07,2022-03-31 17:12:26,147,212,2.3,20.2
2022-03-31 16:44:10,2022-03-31 17:00:33,167,169,2.2,12.0
2022-03-31 16:12:49,2022-03-31 16:32:08,242,240,3.2,21.2
2022-03-31 17:33:49,2022-03-31 17:51:48,159,78,2.75,13.0
2022-03-31 17:39:05,2022-03-31 18:17:46,69,51,10.62,36.0
2022-03-31 18:41:44,2022-03-31 19:00:29,213,168,5.4,22.2
2022-03-31 21:30:57,2022-03-31 21:44:10,247,159,1.9,10.5
2022-03-31 22:53:12,2022-03-31 22:58:16,220,200,1.17,5.5
2022-03-31 22:30:08,2022-03-31 22:39:57,168,167,1.73,9.0
2022-03-31 23:50:24,2022-03-31 23:55:23,136,235,0.8,5.5
2022-03-01 06:43:49,2022-03-01 07:26:15,51,159,11.66,40.94
2022-03-01 07:36:00,2022-03-01 08:07:00,213,159,59918.99,22.84
2022-03-01 14:37:00,2022-03-01 14:46:00,159,69,1.51,8.83
2022-03-01 16:42:56,2022-03-01 17:16:38,168,213,5.64,22.88
2022-03-02 00:01:31,2022-03-02 00:14:31,78,47,2.09,10.25
2022-03-02 15:00:00,2022-03-02 15:19:00,254,168,8.41,29.14
2022-03-03 10:22:17,2022-03-03 10:40:03,47,136,2.06,9.9
2022-03-03 10:28:27,2022-03-03 10:50:04,47,220,4.62,18.26
2022-03-03 15:34:56,2022-03-03 16:08:33,220,220,9.23,28.43
2022-03-03 16:59:03,2022-03-03 17:17:54,212,18,4.53,20.25
2022-03-03 20:58:00,2022-03-03 21:11:00,212,18,4.98,20.68
2022-03-04 06:41:45,2022-03-04 07:20:39,51,159,11.45,40.11
2022-03-04 19:06:12,2022-03-04 19:33:21,159,94,3.89,18.57
2022-03-07 08:07:00,2022-03-07 08:36:00,250,235,4.6,23.16
2022-03-07 18:06:00,2022-03-07 18:39:00,94,168,5.13,22.84
2022-03-08 13:50:00,2022-03-08 14:22:00,119,254,6.16,25.85
2022-03-08 14:41:17,2022-03-08 15:00:03,213,168,5.18,20.81
2022-03-09 14:15:25,2022-03-09 14:24:21,168,247,2.37,11.25
2022-03-10 13:47:00,2022-03-10 14:02:00,169,60,1.44,9.47
2022-03-10 20:12:00,2022-03-10 20:24:00,248,51,6.72,21.97
2022-03-11 06:40:48,2022-03-11 07:13:53,51,159,11.01,39.68
2022-03-11 10:15:29,2022-03-11 10:35:19,168,60,2.66,14.67
2022-03-11 14:07:00,2022-03-11 14:31:00,169,213,5.91,20.06
2022-03-11 15:31:38,2022-03-11 16:14:57,168,240,7.01,28.2
2022-03-11 16:50:00,2022-03-11 17:31:00,159,51,11.19,41.17
2022-03-11 16:18:11,2022-03-11 16:28:21,167,69,0.74,12.22
2022-03-13 05:22:00,2022-03-13 05:34:00,147,78,2.23,9.27
2022-03-13 07:55:00,2022-03-13 08:07:00,167,183,5.03,18.43
2022-03-14 07:31:52,2022-03-14 07:56:54,213,159,4.14,17.91
2022-03-14 07:26:19,2022-03-14 08:13:32,32,168,7.37,22.77
2022-03-14 08:28:25,2022-03-14 08:45:47,78,168,3.05,15.95
2022-03-14 16:26:00,2022-03-14 16:50:00,168,248,4.49,19.18
2022-03-15 06:39:00,2022-03-15 07:10:00,51,159,11.72,39.45
2022-03-15 09:55:00,2022-03-15 10:10:00,185,200,5.98,21.86
2022-03-15 11:21:00,2022-03-15 11:49:00,200,185,8.53,23.22
2022-03-15 17:26:28,2022-03-15 17:59:27,159,51,10.07,40.36
2022-03-15 22:41:00,2022-03-15 22:49:00,81,254,1.68,8.8
2022-03-16 00:22:19,2022-03-16 00:34:19,69,126,1.99,10.36
2022-03-16 13:27:03,2022-03-16 13:44:42,69,94,2.85,14.93
2022-03-16 19:38:00,2022-03-16 20:06:00,69,254,7.76,23.23
2022-03-17 08:30:35,2022-03-17 08:47:25,248,47,2.36,12.47
2022-03-17 10:33:00,2022-03-17 10:53:00,220,254,4.36,13.72
2022-03-17 11:03:00,2022-03-17 11:31:00,32,185,3.0,9.56
2022-03-18 08:24:00,2022-03-18 08:45:00,220,47,1.09,17.77
2022-03-18 13:10:00,2022-03-18 13:45:00,242,235,5.02,23.01
2022-03-18 14:56:30,2022-03-18 15:18:03,69,241,2.47,14.4
2022-03-18 14:00:45,2022-03-18 14:21:42,47,254,5.68,21.34
2022-03-18 18:22:26,2022-03-18 18:37:39,241,119,4.6,16.17
2022-03-20 00:08:00,2022-03-20 00:20:00,220,159,5.22,18.74
2022-03-20 06:47:00,2022-03-20 07:11:00,32,168,6.38,23.55
2022-03-21 08:40:07,2022-03-21 08:56:39,250,235,5.15,23.44
2022-03-21 14:42:00,2022-03-21 14:59:00,247,47,1.73,10.89
2022-03-22 06:07:00,2022-03-22 06:15:00,47,69,1.32,8.8
2022-03-22 08:40:42,2022-03-22 08:59:24,18,51,4.12,18.87
2022-03-22 16:17:06,2022-03-22 16:49:43,159,51,9.97,40.24
2022-03-22 20:03:00,2022-03-22 20:12:00,51,81,2.47,11.68
2022-03-24 14:03:18,2022-03-24 14:44:11,51,247,10.5,36.82
2022-03-24 14:05:03,2022-03-24 14:23:02,185,213,5.02,17.12
2022-03-24 20:20:21,2022-03-24 20:40:32,81,247,9.7,32.33
2022-03-25 00:05:00,2022-03-25 00:08:00,159,159,9.2,8.8
2022-03-25 01:42:21,2022-03-25 01:53:48,168,220,5.58,18.25
2022-03-25 06:53:00,2022-03-25 07:30:00,51,159,11.36,39.47
2022-03-25 17:32:00,2022-03-25 18:11:00,159,51,11.23,36.65
2022-03-27 00:28:00,2022-03-27 00:44:00,169,247,2.13,10.47
2022-03-27 08:05:23,2022-03-27 08:09:32,81,259,0.92,8.8
2022-03-28 06:43:54,2022-03-28 07:25:46,51,159,12.5,41.23
2022-03-28 07:36:00,2022-03-28 07:58:00,20,247,4.62,18.7
2022-03-28 09:21:00,2022-03-28 09:41:00,169,51,8.74,29.36
2022-03-30 10:13:00,2022-03-30 10:21:00,250,250,1.09,8.8
2022-03-31 18:20:00,2022-03-31 18:34:00,78,242,1.84,10.66
